,class,score,x1,y1,x2,y2,frame_num,imdb_id,pct_of_frame,instance_num,instance_id,frame_id
0,person,0.99658835,121,8,337,351,0,232534,0.3251755617977528,1,232534_0_1,232534_0
1,person,0.99494004,356,11,516,356,0,232534,0.2422752808988764,0,232534_0_0,232534_0
2,person,0.99469155,122,13,336,352,106,232534,0.318407654494382,1,232534_106_1,232534_106
3,person,0.9918224,354,0,541,355,106,232534,0.2913667485955056,0,232534_106_0,232534_106
4,person,0.9969597,120,17,334,350,212,232534,0.3127721207865168,1,232534_212_1,232534_212
5,person,0.99387324,360,3,551,356,212,232534,0.295922577247191,0,232534_212_0,232534_212
6,person,0.99250364,85,36,315,348,318,232534,0.3149578651685393,0,232534_318_0,232534_318
7,person,0.977017,285,2,541,356,318,232534,0.397752808988764,1,232534_318_1,232534_318
8,person,0.9841717,33,50,303,350,424,232534,0.3555126404494382,1,232534_424_1,232534_424
9,person,0.9411464,231,0,565,342,424,232534,0.5013518258426967,2,232534_424_2,232534_424
10,skateboard,0.8793426999999999,304,178,562,324,424,232534,0.1653265449438202,0,232534_424_0,232534_424
11,person,0.99337643,320,2,624,356,530,232534,0.4723314606741573,1,232534_530_1,232534_530
12,person,0.9894226,26,56,302,342,530,232534,0.3464536516853933,0,232534_530_0,232534_530
13,person,0.9936247,329,0,627,356,636,232534,0.465625,1,232534_636_1,232534_636
14,person,0.9838987,23,61,293,349,636,232534,0.3412921348314606,0,232534_636_0,232534_636
15,person,0.7107182,216,112,368,269,1166,232534,0.1047401685393258,0,232534_1166_0,232534_1166
16,person,0.78470445,218,114,365,256,1272,232534,0.0916169241573033,0,232534_1272_0,232534_1272
17,bench,0.58282214,232,264,368,331,2650,232534,0.0399929775280898,0,232534_2650_0,232534_2650
18,person,0.9126829,289,249,338,343,2756,232534,0.0202159410112359,0,232534_2756_0,232534_2756
19,person,0.8433636999999998,231,164,312,353,2968,232534,0.0671918890449438,2,232534_2968_2,232534_2968
20,car,0.60801387,506,269,554,315,2968,232534,0.009691011235955,0,232534_2968_0,232534_2968
21,person,0.5786205,218,162,291,341,2968,232534,0.0573516502808988,1,232534_2968_1,232534_2968
22,horse,0.9398786,112,173,181,319,3074,232534,0.0442152387640449,2,232534_3074_2,232534_3074
23,person,0.7735276,115,115,184,269,3074,232534,0.0466379915730337,3,232534_3074_3,232534_3074
24,cow,0.608772,198,215,255,248,3074,232534,0.0082557935393258,0,232534_3074_0,232534_3074
25,person,0.5759462,121,124,178,235,3074,232534,0.0277694873595505,1,232534_3074_1,232534_3074
26,horse,0.7107508000000001,156,172,236,286,3180,232534,0.0400280898876404,0,232534_3180_0,232534_3180
27,person,0.73328006,105,271,153,314,3286,232534,0.0090589887640449,0,232534_3286_0,232534_3286
28,person,0.5351621999999999,487,224,505,265,3498,232534,0.0032391151685393,0,232534_3498_0,232534_3498
29,person,0.9150796999999998,453,248,500,341,3604,232534,0.0191845154494382,2,232534_3604_2,232534_3604
30,person,0.6438223000000001,426,276,450,326,3604,232534,0.0052668539325842,0,232534_3604_0,232534_3604
31,person,0.50678694,429,275,463,331,3604,232534,0.0083567415730337,1,232534_3604_1,232534_3604
32,person,0.9425074,406,239,463,343,3710,232534,0.0260182584269662,1,232534_3710_1,232534_3710
33,person,0.5446776999999999,360,274,438,349,3710,232534,0.0256759129213483,0,232534_3710_0,232534_3710
34,cow,0.6931229999999999,95,0,434,337,3922,232534,0.501417661516854,1,232534_3922_1,232534_3922
35,person,0.50582886,114,20,324,342,3922,232534,0.2967872191011236,0,232534_3922_0,232534_3922
36,tv,0.5577211,81,0,572,309,4134,232534,0.6659015098314607,0,232534_4134_0,232534_4134
37,tv,0.6101513000000001,52,0,574,356,4452,232534,0.815625,0,232534_4452_0,232534_4452
38,person,0.56678027,346,111,446,331,5406,232534,0.0965589887640449,0,232534_5406_0,232534_5406
39,person,0.97801834,367,84,475,343,5512,232534,0.1227703651685393,0,232534_5512_0,232534_5512
40,person,0.5931645999999999,79,47,311,350,5618,232534,0.3085323033707865,0,232534_5618_0,232534_5618
41,person,0.8008564,81,56,317,344,5724,232534,0.298314606741573,0,232534_5724_0,232534_5724
42,person,0.8918655999999999,77,49,283,331,5830,232534,0.2549683988764045,0,232534_5830_0,232534_5830
43,person,0.84206164,286,35,546,329,5830,232534,0.3354985955056179,1,232534_5830_1,232534_5830
44,person,0.79142344,75,53,262,303,5936,232534,0.2051878511235955,0,232534_5936_0,232534_5936
45,person,0.60162467,346,35,540,331,6042,232534,0.2520365168539326,0,232534_6042_0,232534_6042
46,person,0.7820196999999999,345,40,557,342,6148,232534,0.2810042134831461,0,232534_6148_0,232534_6148
47,person,0.79085845,346,53,536,317,6254,232534,0.2201544943820224,0,232534_6254_0,232534_6254
48,tv,0.58047515,52,0,576,356,6254,232534,0.81875,1,232534_6254_1,232534_6254
49,tv,0.61470354,47,0,593,354,6360,232534,0.8483321629213483,1,232534_6360_1,232534_6360
50,person,0.61157846,79,27,285,340,6360,232534,0.2829968398876405,0,232534_6360_0,232534_6360
51,cat,0.72753805,70,35,299,337,6466,232534,0.3035375702247191,0,232534_6466_0,232534_6466
52,person,0.6236433000000001,69,20,292,347,6466,232534,0.3200535463483146,1,232534_6466_1,232534_6466
53,person,0.94659454,72,24,253,355,6572,232534,0.2629520716292135,0,232534_6572_0,232534_6572
54,tv,0.8141158000000001,57,0,576,356,6572,232534,0.8109375,1,232534_6572_1,232534_6572
55,person,0.8314538,76,32,299,351,6678,232534,0.3122234901685393,1,232534_6678_1,232534_6678
56,dog,0.52327037,70,43,288,346,6678,232534,0.2899139747191011,0,232534_6678_0,232534_6678
57,person,0.9349018,95,111,170,284,6890,232534,0.0569478581460674,0,232534_6890_0,232534_6890
58,sink,0.5203287,74,242,523,349,7208,232534,0.210862886235955,0,232534_7208_0,232534_7208
59,person,0.8006307,234,153,380,354,7844,232534,0.1288009129213483,0,232534_7844_0,232534_7844
60,horse,0.90997684,349,120,544,324,8056,232534,0.1745962078651685,1,232534_8056_1,232534_8056
61,person,0.8271235,360,26,438,203,8056,232534,0.060595154494382,0,232534_8056_0,232534_8056
62,horse,0.63630986,402,178,524,347,8374,232534,0.0904933286516854,0,232534_8374_0,232534_8374
63,dog,0.59332466,348,45,543,342,8480,232534,0.2541915379213483,0,232534_8480_0,232534_8480
64,person,0.6311044,196,121,309,251,8692,232534,0.0644750702247191,0,232534_8692_0,232534_8692
65,horse,0.5212531,220,142,365,346,8904,232534,0.1298279494382022,0,232534_8904_0,232534_8904
66,person,0.82741493,177,233,244,354,9010,232534,0.0355819873595505,0,232534_9010_0,232534_9010
67,person,0.6893174,81,241,175,352,9010,232534,0.0457952949438202,1,232534_9010_1,232534_9010
68,tv,0.5770062,71,0,539,332,9222,232534,0.6819522471910112,0,232534_9222_0,232534_9222
69,person,0.8851964,405,211,444,293,9434,232534,0.014036165730337,0,232534_9434_0,232534_9434
70,person,0.60519725,396,208,445,319,9434,232534,0.0238720154494382,1,232534_9434_1,232534_9434
71,person,0.545013,346,108,472,292,9646,232534,0.101755617977528,0,232534_9646_0,232534_9646
72,tv,0.52665323,42,0,622,356,9646,232534,0.90625,1,232534_9646_1,232534_9646
73,tv,0.5387761999999999,11,0,580,356,9752,232534,0.8890625,0,232534_9752_0,232534_9752
74,tv,0.77717036,49,0,571,356,10070,232534,0.815625,1,232534_10070_1,232534_10070
75,dog,0.69389945,251,106,371,206,10070,232534,0.0526685393258426,0,232534_10070_0,232534_10070
76,tv,0.7020071,84,0,582,356,10176,232534,0.778125,0,232534_10176_0,232534_10176
77,person,0.7610765,445,194,473,244,10494,232534,0.0061446629213483,0,232534_10494_0,232534_10494
78,tv,0.70854086,34,0,561,356,10600,232534,0.8234375,0,232534_10600_0,232534_10600
79,person,0.5296177,115,65,271,353,10706,232534,0.197191011235955,0,232534_10706_0,232534_10706
80,tv,0.5612256,58,0,596,356,11130,232534,0.840625,0,232534_11130_0,232534_11130
81,person,0.6155712,276,184,359,343,11448,232534,0.0579222261235955,0,232534_11448_0,232534_11448
82,person,0.85327405,118,116,263,242,12190,232534,0.0801878511235955,0,232534_12190_0,232534_12190
83,horse,0.6533766,72,79,488,272,12190,232534,0.3523876404494382,1,232534_12190_1,232534_12190
84,person,0.79493487,108,14,524,347,12720,232534,0.6080056179775281,0,232534_12720_0,232534_12720
85,dog,0.5917279000000001,145,9,511,342,12826,232534,0.5349280196629214,1,232534_12826_1,232534_12826
86,person,0.54786974,185,12,508,350,12826,232534,0.4791695926966292,0,232534_12826_0,232534_12826
87,person,0.96471846,98,26,504,338,12932,232534,0.5559691011235955,0,232534_12932_0,232534_12932
88,person,0.9619254,85,80,392,348,13038,232534,0.3611130617977528,0,232534_13038_0,232534_13038
89,cow,0.56349164,244,0,568,348,13144,232534,0.494873595505618,0,232534_13144_0,232534_13144
90,person,0.6137609,310,30,507,305,13250,232534,0.2377765098314607,0,232534_13250_0,232534_13250
91,person,0.6218558000000001,71,11,217,353,13462,232534,0.2191537921348314,0,232534_13462_0,232534_13462
92,tv,0.6036560999999999,76,0,595,356,13568,232534,0.8109375,0,232534_13568_0,232534_13568
93,person,0.5657496,52,31,458,347,13674,232534,0.5630969101123595,0,232534_13674_0,232534_13674
94,horse,0.5272975999999999,228,157,315,283,14416,232534,0.0481127106741573,0,232534_14416_0,232534_14416
95,horse,0.7841435999999999,166,159,250,296,14522,232534,0.0505091292134831,0,232534_14522_0,232534_14522
96,horse,0.68223506,233,159,319,294,14522,232534,0.0509568117977528,1,232534_14522_1,232534_14522
97,horse,0.7658116999999999,105,88,260,327,14734,232534,0.1625921699438202,1,232534_14734_1,232534_14734
98,horse,0.61374336,142,105,288,340,14734,232534,0.1505881320224719,0,232534_14734_0,232534_14734
99,person,0.566099,181,63,485,351,14946,232534,0.3842696629213483,0,232534_14946_0,232534_14946
100,person,0.9409958,77,82,245,351,15158,232534,0.1983497191011236,0,232534_15158_0,232534_15158
101,person,0.95373523,144,42,495,350,15264,232534,0.4744908707865169,0,232534_15264_0,232534_15264
102,person,0.7143815,193,92,515,346,15370,232534,0.3589712078651685,0,232534_15370_0,232534_15370
103,person,0.80049354,434,236,507,356,16006,232534,0.0384480337078651,0,232534_16006_0,232534_16006
104,person,0.92153966,220,197,325,349,16112,232534,0.0700491573033707,1,232534_16112_1,232534_16112
105,person,0.6563373,234,203,311,307,16112,232534,0.0351474719101123,0,232534_16112_0,232534_16112
106,tv,0.6149856,27,2,578,343,16536,232534,0.8246620435393258,0,232534_16536_0,232534_16536
107,teddy bear,0.6283829000000001,346,110,475,347,16960,232534,0.1341862710674157,0,232534_16960_0,232534_16960
108,cat,0.5768557,281,0,558,350,17278,232534,0.4255179073033708,0,232534_17278_0,232534_17278
109,person,0.7807178000000001,373,131,464,296,17490,232534,0.0659015098314606,1,232534_17490_1,232534_17490
110,elephant,0.5067956,392,216,448,311,17490,232534,0.0233497191011236,0,232534_17490_0,232534_17490
111,horse,0.5868932,346,179,403,315,17596,232534,0.0340238764044943,0,232534_17596_0,232534_17596
112,person,0.8062541999999999,53,16,557,343,17702,232534,0.7233497191011236,0,232534_17702_0,232534_17702
113,person,0.97556347,150,13,538,347,17914,232534,0.5687851123595505,0,232534_17914_0,232534_17914
114,horse,0.98937315,205,87,497,350,18550,232534,0.337061095505618,0,232534_18550_0,232534_18550
115,horse,0.9966708,134,124,485,346,18656,232534,0.3420031601123595,0,232534_18656_0,232534_18656
116,horse,0.70569766,96,74,544,356,18762,232534,0.5544943820224719,1,232534_18762_1,232534_18762
117,cup,0.62880886,71,3,226,148,18762,232534,0.0986437851123595,0,232534_18762_0,232534_18762
118,person,0.5347940999999999,75,0,514,343,18974,232534,0.6608892205056179,0,232534_18974_0,232534_18974
119,horse,0.9991767,129,114,511,354,19186,232534,0.4023876404494382,0,232534_19186_0,232534_19186
120,cow,0.6434466,91,98,417,349,19610,232534,0.3591379915730337,0,232534_19610_0,232534_19610
121,horse,0.9998042,77,30,404,350,19716,232534,0.4592696629213483,0,232534_19716_0,232534_19716
122,horse,0.9712583,73,67,488,356,19822,232534,0.5264001053370787,0,232534_19822_0,232534_19822
123,cow,0.51650196,73,52,500,342,19822,232534,0.5434954353932584,1,232534_19822_1,232534_19822
124,horse,0.9812712,65,64,494,356,19928,232534,0.5498068820224721,0,232534_19928_0,232534_19928
125,horse,0.9936568,75,27,486,352,20034,232534,0.5862666783707865,0,232534_20034_0,232534_20034
126,horse,0.54769665,108,10,431,356,20140,232534,0.4905108848314607,0,232534_20140_0,232534_20140
127,bird,0.51274073,229,131,408,352,20458,232534,0.1736262289325842,0,232534_20458_0,232534_20458
128,bird,0.6673561,93,30,263,303,20776,232534,0.2036955758426966,0,232534_20776_0,232534_20776
129,tv,0.6037485,22,0,583,338,20776,232534,0.8322419241573034,1,232534_20776_1,232534_20776
130,tv,0.5318245,56,0,587,348,20988,232534,0.8110428370786517,0,232534_20988_0,232534_20988
131,cake,0.6212906,61,13,554,341,21306,232534,0.7097261235955056,0,232534_21306_0,232534_21306
132,tv,0.62592274,91,0,578,356,21518,232534,0.7609375,0,232534_21518_0,232534_21518
133,person,0.673667,107,71,426,341,21624,232534,0.378028441011236,0,232534_21624_0,232534_21624
134,bird,0.7659835,294,211,400,348,21836,232534,0.0637377106741573,1,232534_21836_1,232534_21836
135,bird,0.5586178,237,141,314,292,21836,232534,0.0510314255617977,0,232534_21836_0,232534_21836
136,person,0.7907592,191,28,481,339,22260,232534,0.3958479634831461,0,232534_22260_0,232534_22260
137,person,0.9475548,170,19,487,350,22366,232534,0.4605293188202248,0,232534_22366_0,232534_22366
138,person,0.9078742,167,0,510,351,22472,232534,0.5284102879213484,1,232534_22472_1,232534_22472
139,tie,0.7965800000000001,262,210,316,310,22472,232534,0.0237008426966292,0,232534_22472_0,232534_22472
140,sheep,0.52210236,228,29,518,351,22578,232534,0.4098490168539326,0,232534_22578_0,232534_22578
141,person,0.8710888000000001,79,34,445,355,22684,232534,0.5156513342696629,0,232534_22684_0,232534_22684
142,person,0.89178216,99,46,493,352,22896,232534,0.5291608146067416,1,232534_22896_1,232534_22896
143,person,0.58588034,300,59,506,349,22896,232534,0.2622015449438202,0,232534_22896_0,232534_22896
144,person,0.94540715,113,14,539,356,23002,232534,0.6394487359550561,0,232534_23002_0,232534_23002
145,person,0.9225788,98,27,526,347,23108,232534,0.6011235955056179,1,232534_23108_1,232534_23108
146,person,0.6436688,304,132,542,353,23108,232534,0.2308549859550561,0,232534_23108_0,232534_23108
147,bird,0.9699052,390,56,481,251,23850,232534,0.0778836025280898,0,232534_23850_0,232534_23850
148,person,0.7358196,128,70,430,348,23956,232534,0.3684866573033708,0,232534_23956_0,232534_23956
149,tv,0.59227836,74,9,557,356,23956,232534,0.7356083216292135,2,232534_23956_2,232534_23956
150,dog,0.5686019,139,68,461,354,23956,232534,0.4041959269662921,1,232534_23956_1,232534_23956
151,person,0.54299897,356,170,374,216,24062,232534,0.0036341292134831,0,232534_24062_0,232534_24062
152,person,0.99185795,118,109,413,354,24274,232534,0.3172182233146067,0,232534_24274_0,232534_24274
153,person,0.5283171999999999,184,0,475,281,24380,232534,0.3588965941011236,0,232534_24380_0,232534_24380
154,person,0.9892623,99,34,449,352,24486,232534,0.4885007022471911,0,232534_24486_0,232534_24486
155,tv,0.58047324,67,0,571,356,25016,232534,0.7875,0,232534_25016_0,232534_25016
156,person,0.9760601,253,17,407,345,25228,232534,0.2216994382022472,0,232534_25228_0,232534_25228
157,person,0.54923636,119,9,410,344,25228,232534,0.4278660463483146,1,232534_25228_1,232534_25228
158,bird,0.8018890000000001,143,10,520,337,25546,232534,0.5410770716292135,0,232534_25546_0,232534_25546
159,bird,0.76492494,226,43,485,218,25758,232534,0.1989334620786516,0,232534_25758_0,232534_25758
160,bird,0.5677357,218,33,486,184,25864,232534,0.1776158707865168,0,232534_25864_0,232534_25864
161,horse,0.5716861,158,71,411,356,26712,232534,0.3164720856741573,1,232534_26712_1,232534_26712
162,bird,0.56922966,157,56,386,356,26712,232534,0.3015273876404494,0,232534_26712_0,232534_26712
163,tv,0.7217962,40,0,564,356,27030,232534,0.81875,0,232534_27030_0,232534_27030
164,person,0.8659446,304,71,504,353,27136,232534,0.2475421348314607,0,232534_27136_0,232534_27136
165,person,0.5467528,92,74,313,323,27348,232534,0.2415247542134832,0,232534_27348_0,232534_27348
166,person,0.7135803000000001,94,88,514,347,27560,232534,0.4774403089887641,0,232534_27560_0,232534_27560
167,horse,0.8894582000000001,258,104,494,354,27666,232534,0.2589536516853932,0,232534_27666_0,232534_27666
168,tv,0.51739824,71,0,573,356,28196,232534,0.784375,0,232534_28196_0,232534_28196
169,skis,0.83696276,103,254,337,353,28832,232534,0.1016766151685393,0,232534_28832_0,232534_28832
170,tv,0.6147275,45,0,576,349,28938,232534,0.8133734199438202,0,232534_28938_0,232534_28938
171,person,0.6807635999999999,357,239,458,352,29362,232534,0.0500921699438202,0,232534_29362_0,232534_29362
172,tv,0.5817344,47,0,561,325,29468,232534,0.7331899578651685,0,232534_29468_0,232534_29468
173,person,0.7755613,146,27,503,346,30846,232534,0.4998376053370786,0,232534_30846_0,232534_30846
174,fork,0.66449255,473,305,517,356,30952,232534,0.0098490168539325,0,232534_30952_0,232534_30952
175,person,0.7614219,318,27,544,338,31058,232534,0.3084884129213483,0,232534_31058_0,232534_31058
176,refrigerator,0.53614736,68,4,498,356,31164,232534,0.6643258426966292,0,232534_31164_0,232534_31164
177,person,0.7302466999999999,439,53,537,356,31270,232534,0.1303283005617977,0,232534_31270_0,232534_31270
178,person,0.91939515,76,56,239,353,31376,232534,0.2124780547752809,0,232534_31376_0,232534_31376
179,tv,0.53414816,82,0,561,356,31376,232534,0.7484375,1,232534_31376_1,232534_31376
180,person,0.9061204,209,16,551,356,31482,232534,0.5103581460674157,0,232534_31482_0,232534_31482
181,person,0.77179605,69,23,191,347,31588,232534,0.1734901685393258,1,232534_31588_1,232534_31588
182,person,0.7059207,436,19,548,356,31588,232534,0.1656601123595505,0,232534_31588_0,232534_31588
183,refrigerator,0.5962273,127,22,423,341,31588,232534,0.4144311797752809,2,232534_31588_2,232534_31588
184,chair,0.5912746999999999,155,206,276,348,31694,232534,0.0754125702247191,0,232534_31694_0,232534_31694
185,refrigerator,0.5184847,57,0,640,337,31694,232534,0.8623200491573034,1,232534_31694_1,232534_31694
186,person,0.91756535,71,22,250,344,31800,232534,0.2529757724719101,0,232534_31800_0,232534_31800
187,person,0.969315,70,41,239,351,31906,232534,0.2299420646067416,0,232534_31906_0,232534_31906
188,person,0.7953986999999999,65,37,354,356,31906,232534,0.4046304424157303,1,232534_31906_1,232534_31906
189,person,0.9756241,76,36,265,344,32012,232534,0.2554950842696629,1,232534_32012_1,232534_32012
190,person,0.71492475,428,43,542,342,32012,232534,0.1496049859550561,0,232534_32012_0,232534_32012
191,person,0.9125954,78,27,266,352,32118,232534,0.2681706460674157,1,232534_32118_1,232534_32118
192,person,0.83419603,421,55,548,342,32118,232534,0.1599762991573033,0,232534_32118_0,232534_32118
193,refrigerator,0.54549897,73,41,451,356,32118,232534,0.5226035814606742,2,232534_32118_2,232534_32118
194,person,0.9273118,147,26,535,355,32224,232534,0.5602703651685393,0,232534_32224_0,232534_32224
195,tv,0.5614239999999999,35,0,570,350,32330,232534,0.8218486657303371,0,232534_32330_0,232534_32330
196,person,0.9308405,100,19,505,345,32436,232534,0.5794856039325843,0,232534_32436_0,232534_32436
197,person,0.92858976,109,15,428,349,32542,232534,0.4676351825842697,0,232534_32542_0,232534_32542
198,person,0.94710976,308,14,564,351,32648,232534,0.3786516853932584,0,232534_32648_0,232534_32648
199,person,0.95549536,95,18,477,348,32754,232534,0.5532830056179775,0,232534_32754_0,232534_32754
200,person,0.8879684999999999,117,3,488,347,32860,232534,0.5601474719101124,0,232534_32860_0,232534_32860
201,person,0.9833519,73,44,290,337,32966,232534,0.2790598665730337,0,232534_32966_0,232534_32966
202,person,0.6774591,100,51,379,346,32966,232534,0.3612403441011236,1,232534_32966_1,232534_32966
203,person,0.90926135,313,2,546,352,33072,232534,0.3579266151685393,0,232534_33072_0,232534_33072
204,person,0.7166151,297,22,538,336,33178,232534,0.3321365870786517,1,232534_33178_1,232534_33178
205,person,0.69585264,337,27,525,234,33178,232534,0.1708040730337078,0,232534_33178_0,232534_33178
206,person,0.9757606,83,0,508,344,33284,232534,0.6416783707865169,0,232534_33284_0,232534_33284
207,person,0.94192016,203,184,373,353,33390,232534,0.126097261235955,0,232534_33390_0,232534_33390
208,horse,0.7122185000000001,254,61,518,351,33708,232534,0.3360252808988764,0,232534_33708_0,232534_33708
209,person,0.94694364,240,71,414,347,33814,232534,0.2107794943820224,0,232534_33814_0,232534_33814
210,person,0.985622,123,28,451,351,34132,232534,0.4649929775280899,0,232534_34132_0,232534_34132
211,person,0.9192411,116,13,395,349,34344,232534,0.4114466292134831,1,232534_34344_1,232534_34344
212,bird,0.83817476,107,171,393,355,34344,232534,0.2309691011235955,0,232534_34344_0,232534_34344
213,person,0.8953296000000001,272,74,517,353,34662,232534,0.3000131671348314,0,232534_34662_0,232534_34662
214,person,0.9896801,208,64,494,352,34874,232534,0.3615168539325842,0,232534_34874_0,232534_34874
215,person,0.7468621,82,2,513,349,34980,232534,0.6564123946629213,0,232534_34980_0,232534_34980
216,dog,0.54827154,160,12,470,348,35086,232534,0.4571629213483146,1,232534_35086_1,232534_35086
217,person,0.52700275,170,34,463,353,35086,232534,0.4102308637640449,0,232534_35086_0,232534_35086
218,person,0.86193913,76,8,203,347,35192,232534,0.1889615519662921,0,232534_35192_0,232534_35192
219,person,0.83515495,78,15,205,343,35404,232534,0.1828300561797752,0,232534_35404_0,232534_35404
220,person,0.9020613,389,16,552,338,35616,232534,0.2303634129213483,0,232534_35616_0,232534_35616
221,person,0.7909276,269,7,556,343,35616,232534,0.4232443820224719,1,232534_35616_1,232534_35616
222,person,0.97056645,70,1,207,349,35722,232534,0.209252106741573,0,232534_35722_0,232534_35722
223,person,0.5136555,96,7,458,355,35722,232534,0.5529143258426966,1,232534_35722_1,232534_35722
224,person,0.6869937,223,10,432,262,35934,232534,0.2311622191011236,0,232534_35934_0,232534_35934
225,person,0.6252175,194,0,463,344,35934,232534,0.4061446629213483,1,232534_35934_1,232534_35934
226,person,0.9241841,90,7,557,344,36676,232534,0.6907435042134832,0,232534_36676_0,232534_36676
227,tv,0.71600753,41,0,564,343,36782,232534,0.7873463834269663,1,232534_36782_1,232534_36782
228,person,0.674592,228,75,476,347,36782,232534,0.2960674157303371,0,232534_36782_0,232534_36782
229,person,0.9462112,200,82,508,350,36888,232534,0.3622893258426966,0,232534_36888_0,232534_36888
230,tv,0.793053,37,0,591,356,36888,232534,0.865625,1,232534_36888_1,232534_36888
231,person,0.93327695,140,85,374,278,36994,232534,0.198218047752809,1,232534_36994_1,232534_36994
232,person,0.5803543999999999,264,83,377,247,36994,232534,0.0813377808988764,0,232534_36994_0,232534_36994
233,person,0.9764579,131,84,376,272,37100,232534,0.2021594101123595,0,232534_37100_0,232534_37100
234,person,0.9008818,151,102,380,276,37206,232534,0.1748858848314606,0,232534_37206_0,232534_37206
235,person,0.6378459,143,72,372,267,37312,232534,0.195992801966292,0,232534_37312_0,232534_37312
236,person,0.8885158000000001,219,80,483,351,37524,232534,0.3140098314606742,0,232534_37524_0,232534_37524
237,tv,0.6822533000000001,51,0,589,356,37630,232534,0.840625,0,232534_37630_0,232534_37630
238,person,0.88144803,193,78,480,350,37736,232534,0.342626404494382,0,232534_37736_0,232534_37736
239,person,0.86513174,206,69,509,351,37842,232534,0.3750263342696629,0,232534_37842_0,232534_37842
240,tv,0.59474015,56,0,597,353,37842,232534,0.8381890800561798,1,232534_37842_1,232534_37842
241,person,0.965956,195,43,475,344,37948,232534,0.3699087078651685,0,232534_37948_0,232534_37948
242,bird,0.7860179,397,7,441,46,38054,232534,0.0075316011235955,0,232534_38054_0,232534_38054
243,person,0.969763,137,80,365,267,38266,232534,0.1871313202247191,0,232534_38266_0,232534_38266
244,person,0.96588993,138,71,364,267,38372,232534,0.1944171348314606,0,232534_38372_0,232534_38372
245,tv,0.5174051,37,0,569,356,38372,232534,0.83125,1,232534_38372_1,232534_38372
246,person,0.5626621999999999,204,61,501,344,38478,232534,0.3689036165730337,0,232534_38478_0,232534_38478
247,tv,0.525053,51,0,601,356,38478,232534,0.859375,1,232534_38478_1,232534_38478
248,dog,0.8965187,269,52,543,349,38584,232534,0.3571716994382022,0,232534_38584_0,232534_38584
249,person,0.88094497,237,65,527,346,38690,232534,0.3576632724719101,0,232534_38690_0,232534_38690
250,tv,0.6288216999999999,49,0,606,356,38690,232534,0.8703125,1,232534_38690_1,232534_38690
251,cat,0.6087816,246,99,442,297,38902,232534,0.1703300561797752,0,232534_38902_0,232534_38902
252,tv,0.55282235,48,0,600,333,38902,232534,0.8067766853932584,1,232534_38902_1,232534_38902
253,person,0.8651931999999999,154,47,501,355,39008,232534,0.4690835674157303,0,232534_39008_0,232534_39008
254,person,0.7037491,278,84,480,350,39114,232534,0.2358321629213483,0,232534_39114_0,232534_39114
255,tv,0.5784045999999999,45,0,589,347,39114,232534,0.8285112359550562,1,232534_39114_1,232534_39114
256,person,0.82558775,193,74,453,347,39220,232534,0.3115344101123595,0,232534_39220_0,232534_39220
257,tv,0.50583863,16,0,561,356,39220,232534,0.8515625,1,232534_39220_1,232534_39220
258,person,0.85164607,185,103,503,351,39326,232534,0.3461376404494382,0,232534_39326_0,232534_39326
259,person,0.8683479,204,65,479,349,39432,232534,0.3427844101123595,0,232534_39432_0,232534_39432
260,tv,0.73672616,48,0,593,356,39432,232534,0.8515625,1,232534_39432_1,232534_39432
261,person,0.795579,125,64,319,203,39538,232534,0.1183549859550561,0,232534_39538_0,232534_39538
262,tv,0.5859613,54,0,545,346,39644,232534,0.7456372893258427,0,232534_39644_0,232534_39644
263,person,0.8998277,134,64,298,166,39750,232534,0.0734199438202247,0,232534_39750_0,232534_39750
264,person,0.62276155,137,63,355,254,39750,232534,0.1827510533707865,1,232534_39750_1,232534_39750
265,person,0.9763598,84,66,493,352,39856,232534,0.513404143258427,0,232534_39856_0,232534_39856
266,person,0.99307394,65,67,528,356,40068,232534,0.5872849367977528,1,232534_40068_1,232534_40068
267,tie,0.80449563,268,245,328,354,40068,232534,0.0287043539325842,0,232534_40068_0,232534_40068
268,person,0.746343,226,104,373,249,40174,232534,0.093552492977528,0,232534_40174_0,232534_40174
269,person,0.72083247,179,22,427,348,40280,232534,0.3548455056179775,0,232534_40280_0,232534_40280
270,person,0.9781958,72,74,526,353,40386,232534,0.5559427668539326,0,232534_40386_0,232534_40386
271,person,0.8464497,172,31,474,349,40492,232534,0.4215063202247191,0,232534_40492_0,232534_40492
272,person,0.5736268,73,62,403,350,40598,232534,0.4171348314606741,0,232534_40598_0,232534_40598
273,person,0.9497543,257,34,526,342,40916,232534,0.3636411516853933,2,232534_40916_2,232534_40916
274,person,0.7416557,92,49,324,333,40916,232534,0.2891853932584269,1,232534_40916_1,232534_40916
275,person,0.5535356,206,65,295,313,40916,232534,0.096875,0,232534_40916_0,232534_40916
276,horse,0.6247791,251,263,365,356,41128,232534,0.046532654494382,0,232534_41128_0,232534_41128
277,horse,0.8057831999999999,358,269,459,352,41234,232534,0.0367933637640449,0,232534_41234_0,232534_41234
278,person,0.8720995999999999,177,48,364,351,41552,232534,0.2486876755617977,0,232534_41552_0,232534_41552
279,person,0.92468834,143,56,338,346,41658,232534,0.2482004915730337,0,232534_41658_0,232534_41658
280,person,0.8226555,168,3,577,356,41764,232534,0.6336771418539325,0,232534_41764_0,232534_41764
281,person,0.9041591999999998,358,39,533,352,41870,232534,0.2404099367977528,0,232534_41870_0,232534_41870
282,person,0.9230171,69,52,192,348,41976,232534,0.1597963483146067,0,232534_41976_0,232534_41976
283,person,0.94924426,70,39,194,348,42082,232534,0.1681706460674157,0,232534_42082_0,232534_42082
284,person,0.8136899999999999,69,46,199,351,42188,232534,0.1740256320224719,0,232534_42188_0,232534_42188
285,person,0.94302255,125,79,287,351,42294,232534,0.1933988764044944,0,232534_42294_0,232534_42294
286,person,0.97508675,397,48,555,356,42400,232534,0.2135884831460674,0,232534_42400_0,232534_42400
287,refrigerator,0.6130791999999999,77,0,594,356,42400,232534,0.8078125,1,232534_42400_1,232534_42400
288,person,0.8469559999999999,221,8,521,343,42506,232534,0.4410990168539326,1,232534_42506_1,232534_42506
289,dog,0.7040397,235,24,517,335,42506,232534,0.3849280196629213,0,232534_42506_0,232534_42506
290,person,0.97687817,210,20,534,344,42612,232534,0.4607443820224719,0,232534_42612_0,232534_42612
291,person,0.9262417,224,30,532,346,42718,232534,0.4271769662921348,0,232534_42718_0,232534_42718
292,person,0.9518466999999998,206,29,515,347,42824,232534,0.4312763342696629,1,232534_42824_1,232534_42824
293,dog,0.60719794,234,22,507,343,42824,232534,0.3846251755617977,0,232534_42824_0,232534_42824
294,person,0.6933937,82,26,459,348,42930,232534,0.5328037219101124,0,232534_42930_0,232534_42930
295,person,0.9059669,73,0,435,352,43036,232534,0.5592696629213483,1,232534_43036_1,232534_43036
296,person,0.71641105,410,8,553,336,43036,232534,0.2058637640449438,0,232534_43036_0,232534_43036
297,person,0.81161904,74,16,466,351,43142,232534,0.5763693820224719,3,232534_43142_3,232534_43142
298,person,0.72744757,425,11,547,322,43142,232534,0.1665291432584269,0,232534_43142_0,232534_43142
299,dog,0.691601,89,20,304,323,43142,232534,0.2859243328651685,1,232534_43142_1,232534_43142
300,dog,0.5053068000000001,80,9,446,356,43142,232534,0.5574174859550561,2,232534_43142_2,232534_43142
301,person,0.9736126,202,19,517,346,43248,232534,0.4520935744382023,0,232534_43248_0,232534_43248
302,person,0.90046453,62,3,465,349,43460,232534,0.6119996488764045,0,232534_43460_0,232534_43460
303,person,0.977719,341,46,554,350,43566,232534,0.2841994382022472,1,232534_43566_1,232534_43566
304,person,0.5402874,69,33,222,349,43566,232534,0.2122015449438202,0,232534_43566_0,232534_43566
305,person,0.944833,343,61,554,353,43672,232534,0.2704178370786517,0,232534_43672_0,232534_43672
306,person,0.93543637,351,29,544,347,43778,232534,0.2693732443820225,1,232534_43778_1,232534_43778
307,tie,0.6152108000000001,412,189,455,261,43778,232534,0.0135884831460674,0,232534_43778_0,232534_43778
308,person,0.91615105,358,53,554,343,43884,232534,0.2494733146067416,1,232534_43884_1,232534_43884
309,tie,0.575049,416,183,447,266,43884,232534,0.0112930126404494,0,232534_43884_0,232534_43884
310,person,0.9717577,152,24,541,350,43990,232534,0.556592345505618,0,232534_43990_0,232534_43990
311,tv,0.58033454,35,0,604,340,43990,232534,0.8491046348314607,1,232534_43990_1,232534_43990
312,cat,0.5517424,135,16,495,350,44096,232534,0.5277387640449438,0,232534_44096_0,232534_44096
313,dog,0.54799867,134,34,528,355,44096,232534,0.5551000702247191,2,232534_44096_2,232534_44096
314,person,0.50362945,129,15,495,349,44096,232534,0.5365344101123596,1,232534_44096_1,232534_44096
315,dog,0.774822,127,67,507,350,44202,232534,0.471997893258427,0,232534_44202_0,232534_44202
316,person,0.7315441,86,0,465,352,44308,232534,0.5855337078651686,1,232534_44308_1,232534_44308
317,cat,0.61617833,79,31,431,344,44308,232534,0.483567415730337,0,232534_44308_0,232534_44308
318,person,0.92131966,366,42,545,349,44414,232534,0.2411911867977528,1,232534_44414_1,232534_44414
319,tie,0.6694079000000001,426,172,462,254,44414,232534,0.0129564606741573,0,232534_44414_0,232534_44414
320,person,0.7303743,363,38,552,347,44520,232534,0.2563246137640449,0,232534_44520_0,232534_44520
321,refrigerator,0.5264342,163,0,577,342,44520,232534,0.621436095505618,1,232534_44520_1,232534_44520
322,person,0.87204003,360,39,554,354,44626,232534,0.2682145365168539,0,232534_44626_0,232534_44626
323,person,0.96056616,281,17,531,350,44732,232534,0.3653879915730337,0,232534_44732_0,232534_44732
324,person,0.65810984,247,119,419,341,44944,232534,0.1675912921348314,0,232534_44944_0,232534_44944
325,person,0.929268,78,76,309,349,45262,232534,0.2767863412921348,0,232534_45262_0,232534_45262
326,person,0.8830631,86,85,283,348,45474,232534,0.2274008075842697,1,232534_45474_1,232534_45474
327,bird,0.6101824,368,89,514,246,45474,232534,0.1006056882022472,0,232534_45474_0,232534_45474
328,person,0.80045396,98,87,281,344,45792,232534,0.206421172752809,0,232534_45792_0,232534_45792
329,bird,0.9768475,327,65,545,340,46004,232534,0.2631232443820224,0,232534_46004_0,232534_46004
330,person,0.9350587,90,70,358,345,46216,232534,0.3234726123595505,1,232534_46216_1,232534_46216
331,person,0.6067953,114,71,268,333,46216,232534,0.1770891853932584,0,232534_46216_0,232534_46216
332,person,0.5617484,408,149,464,268,46534,232534,0.0292485955056179,0,232534_46534_0,232534_46534
333,person,0.9617088,91,0,480,348,46746,232534,0.5941537921348314,1,232534_46746_1,232534_46746
334,tie,0.8890954,317,132,350,212,46746,232534,0.0115870786516853,0,232534_46746_0,232534_46746
335,dog,0.5773904000000001,227,37,515,347,46958,232534,0.3918539325842697,0,232534_46958_0,232534_46958
336,horse,0.54705477,121,15,408,317,47276,232534,0.3804160814606742,0,232534_47276_0,232534_47276
337,horse,0.50689244,99,2,465,355,47382,232534,0.5670558286516854,0,232534_47382_0,232534_47382
338,dog,0.7317969,167,70,487,343,47488,232534,0.3834269662921349,0,232534_47488_0,232534_47488
339,clock,0.7497902,72,0,514,356,47700,232534,0.690625,0,232534_47700_0,232534_47700
340,person,0.91145974,337,0,553,350,47806,232534,0.3318117977528089,1,232534_47806_1,232534_47806
341,chair,0.75517887,111,14,390,330,47806,232534,0.3869557584269663,2,232534_47806_2,232534_47806
342,suitcase,0.6088226999999999,168,35,335,215,47806,232534,0.1319346910112359,0,232534_47806_0,232534_47806
343,person,0.6978273,160,92,456,355,48018,232534,0.3416783707865169,0,232534_48018_0,232534_48018
344,cat,0.5054818,169,13,542,327,48124,232534,0.5140537219101123,0,232534_48124_0,232534_48124
345,person,0.59259564,285,33,548,347,48336,232534,0.3624561095505618,0,232534_48336_0,232534_48336
346,person,0.68950105,230,18,539,342,48760,232534,0.4394136235955056,0,232534_48760_0,232534_48760
347,tv,0.5500294,119,0,622,335,48760,232534,0.7395760182584269,1,232534_48760_1,232534_48760
348,dog,0.63539845,145,22,502,340,48866,232534,0.4982707162921348,1,232534_48866_1,232534_48866
349,bird,0.50965106,152,11,467,340,48866,232534,0.4548586727528089,0,232534_48866_0,232534_48866
350,chair,0.63152665,105,46,399,340,48972,232534,0.3793714887640449,0,232534_48972_0,232534_48972
351,person,0.76559883,112,0,410,303,49290,232534,0.3963044241573034,1,232534_49290_1,232534_49290
352,horse,0.6695220000000001,150,95,419,353,49290,232534,0.3046084971910112,0,232534_49290_0,232534_49290
353,person,0.60775787,355,5,522,336,49502,232534,0.2426132373595505,1,232534_49502_1,232534_49502
354,person,0.55980736,150,20,317,348,49502,232534,0.2404143258426966,0,232534_49502_0,232534_49502
355,person,0.8497724,87,0,458,349,49714,232534,0.5682891502808989,1,232534_49714_1,232534_49714
356,person,0.7740836,69,1,276,352,49714,232534,0.3188948384831461,0,232534_49714_0,232534_49714
357,person,0.8111955,158,28,481,351,49820,232534,0.4579046699438202,0,232534_49820_0,232534_49820
358,cat,0.5276988,223,13,539,343,50032,232534,0.457689606741573,0,232534_50032_0,232534_50032
359,person,0.6444748,209,0,534,353,50138,232534,0.5035331811797753,1,232534_50138_1,232534_50138
360,tie,0.5373151999999999,347,197,399,319,50138,232534,0.0278441011235955,0,232534_50138_0,232534_50138
361,person,0.94031864,215,49,487,353,50244,232534,0.3629213483146068,0,232534_50244_0,232534_50244
362,person,0.9106049,200,62,510,356,50350,232534,0.4000175561797753,0,232534_50350_0,232534_50350
363,tie,0.9465931,275,260,372,355,50456,232534,0.0404450491573033,0,232534_50456_0,232534_50456
364,person,0.93260473,125,0,471,342,50456,232534,0.5193644662921348,1,232534_50456_1,232534_50456
365,person,0.8423674999999999,211,25,541,352,50668,232534,0.4736218398876405,0,232534_50668_0,232534_50668
366,person,0.83492416,66,0,229,349,50986,232534,0.2496795997191011,0,232534_50986_0,232534_50986
367,person,0.7299313000000001,177,11,531,336,50986,232534,0.5049596207865169,1,232534_50986_1,232534_50986
368,person,0.9612508,78,18,322,350,51092,232534,0.3555477528089888,1,232534_51092_1,232534_51092
369,person,0.81667763,334,28,553,348,51092,232534,0.3075842696629213,0,232534_51092_0,232534_51092
370,person,0.95362437,294,1,539,348,51304,232534,0.3731346558988764,0,232534_51304_0,232534_51304
371,person,0.51524335,103,0,512,341,51304,232534,0.6121357092696629,1,232534_51304_1,232534_51304
372,person,0.6849084,366,131,457,350,51410,232534,0.0874692766853932,0,232534_51410_0,232534_51410
373,tv,0.54297924,45,0,568,324,51516,232534,0.7437324438202247,0,232534_51516_0,232534_51516
374,person,0.7155303000000001,146,8,541,345,51728,232534,0.5842477176966292,0,232534_51728_0,232534_51728
375,person,0.5955668000000001,176,27,529,348,51834,232534,0.4973358497191011,0,232534_51834_0,232534_51834
376,person,0.71019214,168,0,455,345,52152,232534,0.4345812851123596,1,232534_52152_1,232534_52152
377,dog,0.64810735,196,1,483,330,52152,232534,0.414426790730337,0,232534_52152_0,232534_52152
378,person,0.89379156,140,7,533,350,52258,232534,0.5916388693820225,1,232534_52258_1,232534_52258
379,dog,0.5992854000000001,153,9,513,327,52258,232534,0.5024578651685393,0,232534_52258_0,232534_52258
380,cat,0.8866978999999999,208,12,486,298,52364,232534,0.3489641853932584,0,232534_52364_0,232534_52364
381,person,0.52013236,141,7,552,345,52364,232534,0.609717345505618,1,232534_52364_1,232534_52364
382,person,0.8990011999999998,157,8,540,344,52470,232534,0.5648174157303371,0,232534_52470_0,232534_52470
383,dog,0.60574895,203,3,500,317,52576,232534,0.4093135533707865,0,232534_52576_0,232534_52576
384,person,0.6474536,180,133,262,350,52894,232534,0.078098665730337,2,232534_52894_2,232534_52894
385,umbrella,0.61296004,272,65,386,194,52894,232534,0.0645452949438202,0,232534_52894_0,232534_52894
386,person,0.6113609999999999,118,112,195,336,52894,232534,0.0757022471910112,1,232534_52894_1,232534_52894
387,person,0.9375396,82,103,273,346,53000,232534,0.203708742977528,0,232534_53000_0,232534_53000
388,person,0.94068253,290,6,415,298,53106,232534,0.1602001404494382,0,232534_53106_0,232534_53106
389,horse,0.6385598000000001,177,6,513,353,53212,232534,0.5117275280898876,1,232534_53212_1,232534_53212
390,cow,0.62063205,224,0,500,333,53212,232534,0.4033883426966292,0,232534_53212_0,232534_53212
391,person,0.7934757,152,0,479,348,53318,232534,0.4994557584269663,0,232534_53318_0,232534_53318
392,dog,0.6054693,221,6,543,340,53424,232534,0.4720330056179775,0,232534_53424_0,232534_53424
393,person,0.6296271,221,65,307,284,53742,232534,0.0826632724719101,1,232534_53742_1,232534_53742
394,person,0.5800428000000001,349,0,449,180,53742,232534,0.079002808988764,0,232534_53742_0,232534_53742
395,horse,0.5163889,179,83,307,303,53742,232534,0.1235955056179775,2,232534_53742_2,232534_53742
396,person,0.7761707,516,23,546,123,53848,232534,0.0131671348314606,0,232534_53848_0,232534_53848
397,person,0.7491555999999999,446,19,510,134,53848,232534,0.0323033707865168,1,232534_53848_1,232534_53848
398,horse,0.578824,302,98,537,356,53848,232534,0.2661077949438202,2,232534_53848_2,232534_53848
399,person,0.9208705,224,19,334,148,53954,232534,0.0622805477528089,0,232534_53954_0,232534_53954
400,horse,0.5181123,223,123,450,347,53954,232534,0.2231741573033708,1,232534_53954_1,232534_53954
401,dog,0.6124368,235,148,513,349,54060,232534,0.2452510533707865,0,232534_54060_0,232534_54060
402,person,0.77329534,320,0,448,170,54272,232534,0.095505617977528,0,232534_54272_0,232534_54272
403,person,0.96381855,137,0,297,337,54484,232534,0.2366573033707865,1,232534_54484_1,232534_54484
404,person,0.94158256,441,0,552,340,54484,232534,0.1656425561797752,0,232534_54484_0,232534_54484
405,person,0.7690359999999999,127,5,262,318,54590,232534,0.1854590941011236,0,232534_54590_0,232534_54590
406,horse,0.6700685000000001,161,23,419,356,54590,232534,0.3770804073033708,2,232534_54590_2,232534_54590
407,person,0.5785404000000001,352,0,557,353,54590,232534,0.3176132373595505,1,232534_54590_1,232534_54590
408,person,0.9217263,430,1,549,356,54696,232534,0.1854152036516854,0,232534_54696_0,232534_54696
409,horse,0.7864409000000001,142,17,416,356,54696,232534,0.4076808286516853,2,232534_54696_2,232534_54696
410,person,0.74253994,133,9,283,344,54696,232534,0.2205495084269663,1,232534_54696_1,232534_54696
411,person,0.9112544,262,73,475,354,54802,232534,0.2626975070224719,0,232534_54802_0,232534_54802
412,tv,0.5729323000000001,59,0,570,350,54802,232534,0.7849806882022472,1,232534_54802_1,232534_54802
413,person,0.8428239,252,51,492,356,54908,232534,0.3212780898876404,0,232534_54908_0,232534_54908
414,person,0.59621286,109,37,478,349,54908,232534,0.5053019662921349,1,232534_54908_1,232534_54908
415,person,0.90692586,265,76,486,350,55014,232534,0.2657742275280899,0,232534_55014_0,232534_55014
416,person,0.54399776,159,58,456,350,55014,232534,0.3806355337078652,1,232534_55014_1,232534_55014
417,tv,0.65786886,52,0,593,356,55120,232534,0.8453125,0,232534_55120_0,232534_55120
418,microwave,0.8224398,47,0,565,340,55332,232534,0.7729985955056179,0,232534_55332_0,232534_55332
419,person,0.66757506,83,34,364,356,55438,232534,0.3971295646067416,0,232534_55438_0,232534_55438
420,person,0.782096,387,50,554,337,55650,232534,0.2103625351123596,2,232534_55650_2,232534_55650
421,person,0.51846,73,37,194,343,55650,232534,0.1625087780898876,1,232534_55650_1,232534_55650
422,person,0.5071988000000001,439,59,548,221,55650,232534,0.0775017556179775,0,232534_55650_0,232534_55650
423,person,0.5210287,255,44,546,330,55968,232534,0.365282654494382,0,232534_55968_0,232534_55968
424,person,0.7882864,374,56,553,333,56074,232534,0.2176220154494382,0,232534_56074_0,232534_56074
425,person,0.9009127,104,32,324,346,56286,232534,0.3031952247191011,1,232534_56286_1,232534_56286
426,fork,0.63091195,443,25,506,88,56286,232534,0.0174201193820224,0,232534_56286_0,232534_56286
427,person,0.79049814,111,31,296,350,56392,232534,0.2590194873595505,0,232534_56392_0,232534_56392
428,person,0.57416207,89,40,555,343,56392,232534,0.6197243679775281,1,232534_56392_1,232534_56392
429,person,0.9191485,356,71,550,339,56498,232534,0.2281952247191011,0,232534_56498_0,232534_56498
430,person,0.8960414000000001,109,46,294,344,56498,232534,0.241968047752809,1,232534_56498_1,232534_56498
431,person,0.8160685000000001,109,50,312,347,56604,232534,0.2646199087078652,0,232534_56604_0,232534_56604
432,person,0.5397844,349,59,533,335,56710,232534,0.2228932584269662,1,232534_56710_1,232534_56710
433,person,0.5258326,105,37,320,345,56710,232534,0.2906425561797753,2,232534_56710_2,232534_56710
434,person,0.5200343,407,58,533,255,56710,232534,0.1089448735955056,0,232534_56710_0,232534_56710
435,person,0.56494474,113,82,312,344,56816,232534,0.2288360252808989,0,232534_56816_0,232534_56816
436,person,0.7712875,95,47,277,346,56922,232534,0.2388430477528089,1,232534_56922_1,232534_56922
437,person,0.76255107,347,74,529,322,56922,232534,0.1981039325842696,0,232534_56922_0,232534_56922
438,person,0.8177165,86,16,571,356,57028,232534,0.7237535112359551,0,232534_57028_0,232534_57028
439,person,0.84958935,81,41,251,333,57346,232534,0.2178721910112359,0,232534_57346_0,232534_57346
440,person,0.6478179000000001,374,63,467,198,58088,232534,0.0551044592696629,0,232534_58088_0,232534_58088
441,person,0.6208553000000001,364,67,465,206,58194,232534,0.0616178019662921,0,232534_58194_0,232534_58194
442,tv,0.5024057,46,0,589,356,58300,232534,0.8484375,0,232534_58300_0,232534_58300
443,person,0.5889352,360,65,470,204,58512,232534,0.0671084971910112,0,232534_58512_0,232534_58512
444,tv,0.6404093000000001,69,0,557,344,58618,232534,0.7367977528089887,1,232534_58618_1,232534_58618
445,person,0.5645649,359,64,470,204,58618,232534,0.0682057584269662,0,232534_58618_0,232534_58618
446,tv,0.88085395,25,0,567,356,58724,232534,0.846875,2,232534_58724_2,232534_58724
447,person,0.5875579000000001,131,38,347,321,58724,232534,0.2682935393258427,1,232534_58724_1,232534_58724
448,cat,0.53584313,140,46,336,257,58724,232534,0.1815133426966292,0,232534_58724_0,232534_58724
449,tv,0.8420859,14,0,581,356,58830,232534,0.8859375,0,232534_58830_0,232534_58830
450,person,0.77934974,163,282,193,348,59148,232534,0.008690308988764,0,232534_59148_0,232534_59148
451,person,0.7304729,194,282,228,348,59148,232534,0.0098490168539325,1,232534_59148_1,232534_59148
452,horse,0.5060362,337,146,454,293,59572,232534,0.075487183988764,0,232534_59572_0,232534_59572
453,person,0.88915807,331,0,554,356,60420,232534,0.3484375,0,232534_60420_0,232534_60420
454,tv,0.5419816999999999,86,0,615,356,60420,232534,0.8265625,1,232534_60420_1,232534_60420
455,person,0.6969948,257,0,564,337,60526,232534,0.4540862008426966,0,232534_60526_0,232534_60526
456,horse,0.7236904000000001,257,220,370,338,60632,232534,0.0585235252808988,0,232534_60632_0,232534_60632
457,horse,0.8556579,255,199,386,351,60844,232534,0.0873946629213483,1,232534_60844_1,232534_60844
458,elephant,0.51277536,254,212,378,348,60844,232534,0.0740168539325842,0,232534_60844_0,232534_60844
459,person,0.80340993,143,72,235,205,61162,232534,0.0537043539325842,0,232534_61162_0,232534_61162
460,person,0.52834046,213,15,373,343,61268,232534,0.2303370786516854,0,232534_61268_0,232534_61268
461,person,0.5735875,402,7,513,119,61480,232534,0.054564606741573,0,232534_61480_0,232534_61480
462,horse,0.9683183,142,197,327,299,61798,232534,0.0828212780898876,1,232534_61798_1,232534_61798
463,horse,0.9254998,212,197,322,298,61798,232534,0.0487622893258426,0,232534_61798_0,232534_61798
464,horse,0.6355725999999999,219,153,293,235,62328,232534,0.0266327247191011,0,232534_62328_0,232534_62328
465,horse,0.5189179,232,157,306,247,62540,232534,0.0292310393258426,0,232534_62540_0,232534_62540
466,dog,0.6563319999999999,154,33,315,174,62646,232534,0.0996357092696629,0,232534_62646_0,232534_62646
467,person,0.5495033,101,17,348,351,62646,232534,0.3620874297752809,1,232534_62646_1,232534_62646
468,horse,0.80278945,220,16,431,339,63176,232534,0.2991265800561797,0,232534_63176_0,232534_63176
469,person,0.588093,92,198,414,349,63812,232534,0.2134041432584269,0,232534_63812_0,232534_63812
470,horse,0.90358347,337,202,370,259,63918,232534,0.0082557935393258,1,232534_63918_1,232534_63918
471,horse,0.6310562,347,193,380,257,63918,232534,0.0092696629213483,2,232534_63918_2,232534_63918
472,person,0.5592781,125,240,151,296,63918,232534,0.0063904494382022,0,232534_63918_0,232534_63918
473,horse,0.8425982,426,112,535,342,64342,232534,0.110033356741573,0,232534_64342_0,232534_64342
474,cake,0.88120174,74,120,318,356,64766,232534,0.2527387640449438,0,232534_64766_0,232534_64766
475,cake,0.71578526,63,85,314,356,64872,232534,0.2985472261235955,0,232534_64872_0,232534_64872
476,cake,0.79713094,75,162,315,355,64978,232534,0.2033005617977528,0,232534_64978_0,232534_64978
477,person,0.5268214,271,208,307,294,66038,232534,0.0135884831460674,0,232534_66038_0,232534_66038
478,bird,0.80673677,294,93,402,245,66250,232534,0.0720505617977528,0,232534_66250_0,232534_66250
479,tv,0.5354416,46,0,615,356,66250,232534,0.8890625,1,232534_66250_1,232534_66250
480,tv,0.635516,72,0,579,337,67734,232534,0.7499078300561798,1,232534_67734_1,232534_67734
481,person,0.5446506999999999,125,57,227,201,67734,232534,0.0644662921348314,0,232534_67734_0,232534_67734
482,person,0.8328058,219,66,321,207,67840,232534,0.0631232443820224,0,232534_67840_0,232534_67840
483,tv,0.5398062,31,0,574,355,67840,232534,0.8460542485955056,1,232534_67840_1,232534_67840
484,person,0.7297821999999999,214,64,316,210,67946,232534,0.0653616573033707,0,232534_67946_0,232534_67946
485,person,0.61864555,309,66,411,226,67946,232534,0.071629213483146,1,232534_67946_1,232534_67946
486,tv,0.5993478,62,0,556,334,67946,232534,0.7241748595505618,2,232534_67946_2,232534_67946
487,person,0.60679305,220,67,318,218,68052,232534,0.0649490870786516,0,232534_68052_0,232534_68052
488,person,0.8347405999999999,210,68,321,208,68158,232534,0.0682057584269662,0,232534_68158_0,232534_68158
489,tv,0.61879355,65,0,575,326,68158,232534,0.7297226123595506,1,232534_68158_1,232534_68158
490,person,0.93782663,295,81,419,213,68370,232534,0.0718398876404494,0,232534_68370_0,232534_68370
491,person,0.53879154,448,71,549,246,68370,232534,0.0775763693820224,1,232534_68370_1,232534_68370
492,person,0.8222966999999999,118,57,284,219,68476,232534,0.1180301966292134,0,232534_68476_0,232534_68476
493,person,0.745541,99,41,260,254,68582,232534,0.1505135182584269,2,232534_68582_2,232534_68582
494,dog,0.54035926,306,80,429,215,68582,232534,0.0728800912921348,0,232534_68582_0,232534_68582
495,person,0.5023562,306,72,427,224,68582,232534,0.0807233146067415,1,232534_68582_1,232534_68582
496,person,0.90106696,325,51,506,263,68688,232534,0.1684164325842696,0,232534_68688_0,232534_68688
497,person,0.7623161,96,25,254,285,68688,232534,0.1803019662921348,1,232534_68688_1,232534_68688
498,tv,0.57446325,27,0,592,356,68688,232534,0.8828125,2,232534_68688_2,232534_68688
499,person,0.9756876,347,35,544,316,68794,232534,0.2429643609550562,0,232534_68794_0,232534_68794
500,person,0.52036536,78,0,276,318,68794,232534,0.2763518258426966,1,232534_68794_1,232534_68794
501,person,0.96313167,347,41,550,313,68900,232534,0.2423455056179775,1,232534_68900_1,232534_68900
502,tie,0.75984025,447,135,475,250,68900,232534,0.0141327247191011,0,232534_68900_0,232534_68900
503,person,0.92651916,98,11,372,337,69006,232534,0.3920470505617977,0,232534_69006_0,232534_69006
504,person,0.896459,87,28,413,345,69112,232534,0.4535726825842696,1,232534_69112_1,232534_69112
505,tv,0.81665105,32,0,588,338,69112,232534,0.8248244382022472,2,232534_69112_2,232534_69112
506,person,0.65004957,356,61,510,260,69112,232534,0.1345066713483146,0,232534_69112_0,232534_69112
507,person,0.9512632,141,22,508,344,69218,232534,0.5186709971910113,0,232534_69218_0,232534_69218
508,person,0.9132385,108,33,534,342,69324,232534,0.5777475421348315,0,232534_69324_0,232534_69324
509,person,0.8889128000000001,244,41,542,354,69430,232534,0.4093837780898876,0,232534_69430_0,232534_69430
510,person,0.929363,263,47,556,355,69536,232534,0.3960849719101124,1,232534_69536_1,232534_69536
511,person,0.86583585,71,123,210,350,69536,232534,0.1384875351123595,0,232534_69536_0,232534_69536
512,horse,0.56904215,260,80,550,356,69642,232534,0.3512991573033708,1,232534_69642_1,232534_69642
513,tv,0.51615167,33,0,626,356,69642,232534,0.9265625,2,232534_69642_2,232534_69642
514,dog,0.5023414,269,84,541,356,69642,232534,0.3247191011235955,0,232534_69642_0,232534_69642
515,person,0.64493275,67,38,293,348,69748,232534,0.3074964887640449,0,232534_69748_0,232534_69748
516,person,0.92609996,98,3,324,330,69854,232534,0.3243591994382022,0,232534_69854_0,232534_69854
517,person,0.7986291999999999,111,93,412,353,70384,232534,0.3434866573033708,0,232534_70384_0,232534_70384
518,person,0.72944486,129,23,445,353,70596,232534,0.457689606741573,0,232534_70596_0,232534_70596
519,person,0.82702076,213,3,362,356,71020,232534,0.2308505969101124,0,232534_71020_0,232534_71020
520,bird,0.5353541,216,130,316,299,71338,232534,0.0741748595505618,0,232534_71338_0,232534_71338
521,horse,0.9911413,288,176,413,324,71444,232534,0.0811973314606741,0,232534_71444_0,232534_71444
522,person,0.6296811999999999,265,122,414,340,71550,232534,0.1425649578651685,0,232534_71550_0,232534_71550
523,horse,0.5579145999999999,94,98,308,343,71550,232534,0.2301176264044944,1,232534_71550_1,232534_71550
524,horse,0.5382005999999999,305,201,376,331,71868,232534,0.0405108848314606,0,232534_71868_0,232534_71868
525,bird,0.50574285,242,71,337,120,71974,232534,0.0204310042134831,0,232534_71974_0,232534_71974
526,person,0.76245314,224,34,405,356,72080,232534,0.2558023174157303,1,232534_72080_1,232534_72080
527,person,0.7449595999999999,65,33,180,354,72080,232534,0.1620215941011236,0,232534_72080_0,232534_72080
528,person,0.5890956,75,5,168,247,72398,232534,0.0987798455056179,0,232534_72398_0,232534_72398
529,person,0.9284507,453,6,552,342,72504,232534,0.1459971910112359,0,232534_72504_0,232534_72504
530,person,0.90918875,191,47,361,351,72504,232534,0.2268258426966292,1,232534_72504_1,232534_72504
531,person,0.94904274,163,15,559,341,72610,232534,0.5666081460674157,1,232534_72610_1,232534_72610
532,person,0.5924596999999999,403,9,545,355,72610,232534,0.2156425561797753,0,232534_72610_0,232534_72610
533,person,0.8706921999999999,80,65,200,344,72716,232534,0.1469452247191011,0,232534_72716_0,232534_72716
534,person,0.7239223000000001,161,36,527,351,72716,232534,0.5060129915730337,1,232534_72716_1,232534_72716
535,person,0.98375374,246,24,431,351,72822,232534,0.2655152738764045,0,232534_72822_0,232534_72822
536,person,0.6862621999999999,226,68,427,344,72928,232534,0.2434866573033708,0,232534_72928_0,232534_72928
537,horse,0.5981354999999999,262,108,401,348,73458,232534,0.1464185393258427,0,232534_73458_0,232534_73458
538,dog,0.5698494000000001,122,16,430,327,73670,232534,0.4204178370786517,0,232534_73670_0,232534_73670
539,person,0.7646468000000001,445,1,489,80,74094,232534,0.0152563202247191,0,232534_74094_0,232534_74094
540,car,0.68920416,217,138,383,288,74412,232534,0.1092872191011236,1,232534_74412_1,232534_74412
541,traffic light,0.5805501999999999,190,129,208,188,74412,232534,0.004661165730337,0,232534_74412_0,232534_74412
542,person,0.8824749,295,2,538,338,74624,232534,0.3583567415730337,0,232534_74624_0,232534_74624
543,tv,0.5996308000000001,76,0,575,342,74836,232534,0.7490256320224721,1,232534_74836_1,232534_74836
544,bird,0.55230665,298,124,338,188,74836,232534,0.0112359550561797,0,232534_74836_0,232534_74836
545,person,0.93714917,387,40,526,349,75048,232534,0.1885138693820224,0,232534_75048_0,232534_75048
546,person,0.86313987,76,38,207,350,75154,232534,0.1793890449438202,1,232534_75154_1,232534_75154
547,person,0.5902849,86,45,160,217,75154,232534,0.0558637640449438,0,232534_75154_0,232534_75154
548,person,0.79672146,80,49,204,350,75366,232534,0.163816713483146,1,232534_75366_1,232534_75366
549,person,0.61858195,139,24,566,354,75366,232534,0.6184603230337079,2,232534_75366_2,232534_75366
550,person,0.59649694,148,57,242,296,75366,232534,0.0986042837078651,0,232534_75366_0,232534_75366
551,person,0.51047516,77,38,129,193,75472,232534,0.035375702247191,0,232534_75472_0,232534_75472
552,horse,0.77997476,91,61,540,356,75578,232534,0.5813509480337079,0,232534_75578_0,232534_75578
553,bird,0.7968874,166,50,535,348,76214,232534,0.4826281601123595,0,232534_76214_0,232534_76214
554,person,0.98614603,383,110,551,353,76320,232534,0.1791783707865168,1,232534_76320_1,232534_76320
555,dog,0.75241077,299,98,375,340,76320,232534,0.0807233146067415,0,232534_76320_0,232534_76320
556,vase,0.9370416,168,183,314,354,76426,232534,0.1095768960674157,0,232534_76426_0,232534_76426
557,person,0.9636088,339,15,562,356,76638,232534,0.3337561446629213,1,232534_76638_1,232534_76638
558,person,0.9622007,79,49,334,354,76638,232534,0.341357970505618,2,232534_76638_2,232534_76638
559,tie,0.79923946,167,216,217,355,76638,232534,0.0305038623595505,0,232534_76638_0,232534_76638
560,person,0.8035215,90,55,295,341,76956,232534,0.2573297050561798,1,232534_76956_1,232534_76956
561,tv,0.6405933000000001,57,0,535,356,76956,232534,0.746875,2,232534_76956_2,232534_76956
562,person,0.6068695,137,78,345,349,76956,232534,0.2474016853932585,0,232534_76956_0,232534_76956
563,bird,0.7440058,221,42,376,328,77274,232534,0.1945663623595504,0,232534_77274_0,232534_77274
564,cat,0.50709987,222,40,401,300,77380,232534,0.2042661516853932,0,232534_77380_0,232534_77380
565,bird,0.7304593,140,38,411,196,77698,232534,0.1879301264044944,0,232534_77698_0,232534_77698
566,person,0.5771388000000001,115,21,350,333,77804,232534,0.3218047752808989,0,232534_77804_0,232534_77804
567,horse,0.7681726,212,117,391,353,78122,232534,0.1854108146067416,0,232534_78122_0,232534_78122
568,person,0.91789126,169,120,334,354,78546,232534,0.1694610252808988,0,232534_78546_0,232534_78546
569,dog,0.79171556,147,114,351,347,78864,232534,0.2086200842696629,1,232534_78864_1,232534_78864
570,person,0.56722623,152,124,353,345,78864,232534,0.1949657654494382,0,232534_78864_0,232534_78864
571,bird,0.5267075,88,2,295,319,79288,232534,0.2880047401685393,0,232534_79288_0,232534_79288
572,clock,0.58516484,62,0,572,334,79712,232534,0.7476299157303371,0,232534_79712_0,232534_79712
573,person,0.9847045,239,18,538,347,80772,232534,0.4317547401685393,0,232534_80772_0,232534_80772
574,person,0.73035514,87,48,434,344,80878,232534,0.4508075842696629,2,232534_80878_2,232534_80878
575,dog,0.6161234999999999,89,55,430,356,80878,232534,0.4504959620786517,1,232534_80878_1,232534_80878
576,cow,0.5382577,67,75,420,350,80878,232534,0.4260665379213483,0,232534_80878_0,232534_80878
577,person,0.8239424999999999,134,124,245,356,81514,232534,0.1130266853932584,0,232534_81514_0,232534_81514
578,person,0.9712315,138,83,243,350,81620,232534,0.123046875,0,232534_81620_0,232534_81620
579,chair,0.81523126,71,277,157,356,81938,232534,0.0298191713483146,0,232534_81938_0,232534_81938
580,person,0.6072026,135,58,298,341,81938,232534,0.2024622542134832,1,232534_81938_1,232534_81938
581,person,0.94366086,80,99,244,350,82150,232534,0.1806706460674157,1,232534_82150_1,232534_82150
582,person,0.71264225,318,86,478,341,82150,232534,0.1790730337078651,0,232534_82150_0,232534_82150
583,cat,0.77810585,278,63,407,165,82256,232534,0.0577510533707865,0,232534_82256_0,232534_82256
584,person,0.5993457,280,57,527,349,82256,232534,0.3165554775280899,1,232534_82256_1,232534_82256
585,person,0.9480384,103,41,388,352,82574,232534,0.3890229985955056,0,232534_82574_0,232534_82574
586,person,0.5021063,217,20,521,349,82574,232534,0.4389747191011236,1,232534_82574_1,232534_82574
587,person,0.76461524,150,0,545,349,82680,232534,0.6050517907303371,0,232534_82680_0,232534_82680
588,person,0.85803,57,5,410,349,82786,232534,0.5329705056179775,1,232534_82786_1,232534_82786
589,person,0.663517,238,16,537,345,82786,232534,0.4317547401685393,0,232534_82786_0,232534_82786
590,person,0.95149064,371,120,488,351,82892,232534,0.1186227176966292,0,232534_82892_0,232534_82892
591,person,0.63231987,85,41,311,340,82892,232534,0.2965853230337079,1,232534_82892_1,232534_82892
592,person,0.88976985,192,31,442,349,82998,232534,0.3489290730337078,0,232534_82998_0,232534_82998
593,refrigerator,0.5630959,176,2,541,346,82998,232534,0.5510884831460674,1,232534_82998_1,232534_82998
594,person,0.8939228000000001,228,11,533,341,83104,232534,0.4417573735955056,1,232534_83104_1,232534_83104
595,person,0.5983123,219,15,447,273,83104,232534,0.2581811797752809,0,232534_83104_0,232534_83104
596,person,0.9634894,212,14,471,348,83210,232534,0.3796787219101124,1,232534_83210_1,232534_83210
597,person,0.50609094,32,2,202,351,83210,232534,0.2604020365168539,0,232534_83210_0,232534_83210
598,person,0.9167565,71,52,219,346,83422,232534,0.1909761235955056,0,232534_83422_0,232534_83422
599,person,0.61161757,365,20,553,316,83422,232534,0.2442415730337078,1,232534_83422_1,232534_83422
600,traffic light,0.68068004,267,86,295,153,83952,232534,0.0082338483146067,0,232534_83952_0,232534_83952
601,horse,0.70664316,171,88,374,344,84588,232534,0.2280898876404494,0,232534_84588_0,232534_84588
602,tv,0.7115521,20,0,566,356,84694,232534,0.853125,0,232534_84694_0,232534_84694
603,person,0.50123376,173,74,401,350,85118,232534,0.2761938202247191,0,232534_85118_0,232534_85118
604,tv,0.77975607,38,0,580,356,85224,232534,0.846875,0,232534_85224_0,232534_85224
605,bird,0.61357474,131,49,368,324,85330,232534,0.2860560042134831,0,232534_85330_0,232534_85330
606,tv,0.5672753,77,0,579,347,85542,232534,0.7645452949438202,0,232534_85542_0,232534_85542
607,person,0.50848997,296,209,431,350,85648,232534,0.0835454705056179,0,232534_85648_0,232534_85648
608,person,0.58508885,296,208,430,354,85860,232534,0.0858672752808988,0,232534_85860_0,232534_85860
609,person,0.65211654,83,20,507,343,85966,232534,0.6010884831460674,1,232534_85966_1,232534_85966
610,person,0.5113008,282,193,532,344,85966,232534,0.1656864466292134,0,232534_85966_0,232534_85966
611,cake,0.792604,126,39,560,304,86072,232534,0.504784058988764,0,232534_86072_0,232534_86072
612,cat,0.84837294,138,32,575,343,86178,232534,0.5965019311797752,0,232534_86178_0,232534_86178
613,person,0.7416156999999999,157,23,426,341,86284,232534,0.3754476825842696,0,232534_86284_0,232534_86284
614,person,0.7457234,154,9,334,348,86390,232534,0.2678195224719101,0,232534_86390_0,232534_86390
615,person,0.74143916,412,83,540,345,86496,232534,0.147191011235955,0,232534_86496_0,232534_86496
616,tv,0.682417,25,0,596,356,86602,232534,0.8921875,1,232534_86602_1,232534_86602
617,person,0.6299774,155,8,320,345,86602,232534,0.2440528441011236,0,232534_86602_0,232534_86602
618,tv,0.64520794,8,0,575,356,86708,232534,0.8859375,1,232534_86708_1,232534_86708
619,person,0.61538255,160,55,317,348,86708,232534,0.2019004564606741,0,232534_86708_0,232534_86708
620,person,0.8828983,399,87,542,354,86814,232534,0.167578125,0,232534_86814_0,232534_86814
621,person,0.6515539,161,25,314,348,86814,232534,0.2169022120786516,1,232534_86814_1,232534_86814
622,person,0.8892476999999999,143,15,318,319,86920,232534,0.2334971910112359,0,232534_86920_0,232534_86920
623,tv,0.5706019,85,0,576,356,86920,232534,0.7671875,1,232534_86920_1,232534_86920
624,person,0.9379955,347,96,549,346,87026,232534,0.2216467696629212,2,232534_87026_2,232534_87026
625,person,0.58150727,433,91,551,312,87026,232534,0.1144575140449438,1,232534_87026_1,232534_87026
626,cat,0.5211336,154,26,254,145,87026,232534,0.0522296348314606,0,232534_87026_0,232534_87026
627,person,0.9494317,397,107,550,347,87132,232534,0.1611657303370786,0,232534_87132_0,232534_87132
628,person,0.9535946,301,38,460,346,87238,232534,0.214940308988764,0,232534_87238_0,232534_87238
629,person,0.9427774,194,13,565,350,87556,232534,0.5487491221910112,0,232534_87556_0,232534_87556
630,person,0.97776765,172,7,556,348,87662,232534,0.5747191011235955,0,232534_87662_0,232534_87662
631,person,0.92622787,188,17,549,347,87768,232534,0.5228669241573034,0,232534_87768_0,232534_87768
632,person,0.9747507,65,0,313,350,87874,232534,0.3809691011235955,2,232534_87874_2,232534_87874
633,person,0.68337977,343,7,566,346,87874,232534,0.3317986306179775,1,232534_87874_1,232534_87874
634,dog,0.5582444999999999,356,11,546,342,87874,232534,0.2760270365168539,0,232534_87874_0,232534_87874
635,person,0.96959853,65,3,347,346,87980,232534,0.4245347612359551,1,232534_87980_1,232534_87980
636,person,0.7621344,346,9,563,346,87980,232534,0.3209664676966292,0,232534_87980_0,232534_87980
637,person,0.95993304,63,10,308,354,88086,232534,0.3699087078651685,1,232534_88086_1,232534_88086
638,person,0.9383604,347,12,561,340,88086,232534,0.3080758426966292,0,232534_88086_0,232534_88086
639,person,0.9193622,164,57,545,348,88192,232534,0.4866178019662921,0,232534_88192_0,232534_88192
640,person,0.9193343,164,42,544,346,88298,232534,0.5070224719101124,0,232534_88298_0,232534_88298
641,person,0.9603267,163,38,545,349,88404,232534,0.5214273174157303,0,232534_88404_0,232534_88404
642,person,0.97035205,71,5,321,351,88510,232534,0.3796523876404495,1,232534_88510_1,232534_88510
643,person,0.9384154,348,6,563,347,88510,232534,0.3217828300561798,0,232534_88510_0,232534_88510
644,person,0.9853093,70,3,318,354,88616,232534,0.3820575842696629,1,232534_88616_1,232534_88616
645,person,0.6594498000000001,348,6,555,316,88616,232534,0.2816450140449438,0,232534_88616_0,232534_88616
646,person,0.9396001,351,18,549,336,88722,232534,0.2763518258426966,0,232534_88722_0,232534_88722
647,person,0.87046134,76,2,315,349,88722,232534,0.3639966643258427,1,232534_88722_1,232534_88722
648,person,0.92927706,57,4,312,347,88828,232534,0.383887816011236,0,232534_88828_0,232534_88828
649,person,0.6735896,65,19,484,345,88934,232534,0.5995172050561798,0,232534_88934_0,232534_88934
650,person,0.7075835,85,7,500,350,89146,232534,0.6247586025280899,0,232534_89146_0,232534_89146
651,person,0.93613297,97,27,520,346,89252,232534,0.5922445575842696,0,232534_89252_0,232534_89252
652,teddy bear,0.73033917,357,140,524,344,89358,232534,0.1495259831460674,0,232534_89358_0,232534_89358
653,person,0.9021165,134,5,368,347,89464,232534,0.3512464887640449,1,232534_89464_1,232534_89464
654,teddy bear,0.53886485,367,117,532,350,89464,232534,0.1687368328651685,0,232534_89464_0,232534_89464
655,person,0.9426369,131,2,380,347,89570,232534,0.3770409058988764,0,232534_89570_0,232534_89570
656,person,0.9702158,67,0,313,348,89676,232534,0.3757373595505618,1,232534_89676_1,232534_89676
657,person,0.88882166,357,18,550,307,89676,232534,0.2448077598314606,0,232534_89676_0,232534_89676
658,person,0.84580153,348,6,547,347,89782,232534,0.2978362008426966,0,232534_89782_0,232534_89782
659,dog,0.8019473000000001,81,3,303,340,89782,232534,0.3283620084269663,1,232534_89782_1,232534_89782
660,person,0.9656569,65,0,300,349,89888,232534,0.3599675210674157,0,232534_89888_0,232534_89888
661,person,0.9657062,296,0,548,346,89994,232534,0.3826896067415729,2,232534_89994_2,232534_89994
662,person,0.9453789,71,169,173,349,89994,232534,0.0805828651685393,1,232534_89994_1,232534_89994
663,person,0.5212082,144,225,226,356,89994,232534,0.0471471207865168,0,232534_89994_0,232534_89994
664,person,0.9759148,316,3,547,350,90100,232534,0.3518126755617977,0,232534_90100_0,232534_90100
665,person,0.6110708,87,0,247,347,90206,232534,0.2436797752808989,0,232534_90206_0,232534_90206
666,person,0.91226643,76,0,218,353,90312,232534,0.2200052668539326,0,232534_90312_0,232534_90312
667,person,0.89005697,195,0,383,348,90312,232534,0.2871488764044944,1,232534_90312_1,232534_90312
668,person,0.8809790000000001,332,0,548,347,90312,232534,0.3289676966292135,2,232534_90312_2,232534_90312
669,person,0.5843636999999999,153,0,481,354,90312,232534,0.5096207865168539,3,232534_90312_3,232534_90312
670,cow,0.6221318,332,35,545,356,90418,232534,0.3000921699438202,0,232534_90418_0,232534_90418
671,person,0.528732,116,6,343,352,90418,232534,0.3447243679775281,1,232534_90418_1,232534_90418
672,person,0.94270337,89,8,346,346,90524,232534,0.3812587780898876,1,232534_90524_1,232534_90524
673,person,0.9172717,322,1,533,349,90524,232534,0.3222787921348314,0,232534_90524_0,232534_90524
674,person,0.9588311,106,4,354,351,90630,232534,0.3777036516853933,1,232534_90630_1,232534_90630
675,person,0.9300091,316,0,529,356,90630,232534,0.3328125,0,232534_90630_0,232534_90630
676,person,0.59021914,213,0,505,350,90630,232534,0.4485603932584269,2,232534_90630_2,232534_90630
677,person,0.9641359,99,3,333,350,90736,232534,0.3563816713483146,1,232534_90736_1,232534_90736
678,person,0.77298266,306,1,537,345,90736,232534,0.3487710674157303,0,232534_90736_0,232534_90736
679,person,0.9712167,77,26,308,356,90842,232534,0.3345768960674157,0,232534_90842_0,232534_90842
680,tv,0.50427973,52,0,542,325,90842,232534,0.6989554073033708,1,232534_90842_1,232534_90842
681,person,0.9268128,87,27,312,354,90948,232534,0.322923981741573,0,232534_90948_0,232534_90948
682,person,0.62812,63,2,216,347,91160,232534,0.2316757373595505,0,232534_91160_0,232534_91160
683,tv,0.5210014000000001,1,0,553,356,91160,232534,0.8625,1,232534_91160_1,232534_91160
684,person,0.9640539,228,2,549,350,91690,232534,0.4902914325842697,1,232534_91690_1,232534_91690
685,person,0.6396933000000001,52,0,202,351,91690,232534,0.2310832162921348,0,232534_91690_0,232534_91690
686,person,0.7608550999999999,323,0,550,355,91796,232534,0.3536911867977528,1,232534_91796_1,232534_91796
687,person,0.6878632,69,0,240,337,91796,232534,0.2529274929775281,0,232534_91796_0,232534_91796
688,person,0.914017,69,2,267,352,91902,232534,0.3041608146067415,0,232534_91902_0,232534_91902
689,person,0.86718255,293,0,559,335,91902,232534,0.3911077949438202,1,232534_91902_1,232534_91902
690,person,0.94349027,171,0,510,349,92008,232534,0.5192722963483146,2,232534_92008_2,232534_92008
691,person,0.7337031999999999,67,0,251,356,92008,232534,0.2875,0,232534_92008_0,232534_92008
692,person,0.5134534000000001,297,8,519,330,92008,232534,0.3137464887640449,1,232534_92008_1,232534_92008
693,person,0.83616626,328,0,542,356,92114,232534,0.334375,1,232534_92114_1,232534_92114
694,person,0.64540744,73,0,218,351,92114,232534,0.2233804424157303,0,232534_92114_0,232534_92114
695,person,0.544144,80,4,384,354,92114,232534,0.4669943820224719,2,232534_92114_2,232534_92114
696,person,0.58599377,320,0,544,356,92220,232534,0.35,0,232534_92220_0,232534_92220
697,person,0.97451824,169,20,308,336,92326,232534,0.1927844101123596,0,232534_92326_0,232534_92326
698,person,0.60685307,203,8,496,341,92326,232534,0.4282347261235955,1,232534_92326_1,232534_92326
699,tv,0.7219328,96,0,567,356,92856,232534,0.7359375,0,232534_92856_0,232534_92856
700,refrigerator,0.5275093000000001,79,0,580,356,93280,232534,0.7828125,0,232534_93280_0,232534_93280
701,person,0.5903621,90,23,238,341,93386,232534,0.206566011235955,0,232534_93386_0,232534_93386
702,tv,0.5477991,38,1,571,342,93386,232534,0.7977220856741573,1,232534_93386_1,232534_93386
703,tv,0.87844265,87,0,571,356,93598,232534,0.75625,1,232534_93598_1,232534_93598
704,cat,0.5145749,197,118,466,342,93598,232534,0.2644662921348315,0,232534_93598_0,232534_93598
705,person,0.9096831,309,200,426,350,94658,232534,0.0770277387640449,0,232534_94658_0,232534_94658
706,person,0.7830303000000001,97,8,212,332,94658,232534,0.1635358146067415,2,232534_94658_2,232534_94658
707,bird,0.6447676999999999,198,13,326,245,94658,232534,0.1303370786516854,1,232534_94658_1,232534_94658
708,tv,0.5196007,35,0,588,345,94976,232534,0.8373639396067416,0,232534_94976_0,232534_94976
709,person,0.7465943,272,12,419,333,95082,232534,0.2071058637640449,2,232534_95082_2,232534_95082
710,person,0.7049529999999999,367,7,535,267,95082,232534,0.1917134831460674,1,232534_95082_1,232534_95082
711,person,0.6611166,221,8,324,180,95082,232534,0.0777563202247191,0,232534_95082_0,232534_95082
712,tv,0.50902426,136,0,580,356,95294,232534,0.69375,0,232534_95294_0,232534_95294
713,tv,0.5673322,65,0,566,347,95400,232534,0.7630222963483146,0,232534_95400_0,232534_95400
714,tv,0.78988844,51,0,597,356,95506,232534,0.853125,0,232534_95506_0,232534_95506
715,tv,0.82946044,72,0,568,356,95718,232534,0.775,0,232534_95718_0,232534_95718
716,tv,0.63339216,147,0,581,334,95824,232534,0.6362183988764045,0,232534_95824_0,232534_95824
717,person,0.929276,255,65,446,325,95930,232534,0.2179599719101123,0,232534_95930_0,232534_95930
718,person,0.5228536,117,66,452,333,95930,232534,0.392578125,1,232534_95930_1,232534_95930
719,horse,0.9708058,124,139,404,353,96672,232534,0.2629915730337078,2,232534_96672_2,232534_96672
720,horse,0.87785447,129,138,286,345,96672,232534,0.1426395716292134,0,232534_96672_0,232534_96672
721,horse,0.6864759,217,152,406,343,96672,232534,0.1584401334269662,1,232534_96672_1,232534_96672
722,person,0.6759308,347,97,414,214,97414,232534,0.0344057233146067,0,232534_97414_0,232534_97414
723,car,0.71727276,171,246,389,328,97838,232534,0.0784585674157303,0,232534_97838_0,232534_97838
724,person,0.7983617,81,0,431,356,98474,232534,0.546875,0,232534_98474_0,232534_98474
725,person,0.7942786999999999,94,27,381,352,98686,232534,0.4093881671348314,0,232534_98686_0,232534_98686
726,car,0.5522208000000001,307,149,494,238,98898,232534,0.073046875,0,232534_98898_0,232534_98898
727,person,0.6023379,287,0,545,337,99110,232534,0.3816099016853933,0,232534_99110_0,232534_99110
728,horse,0.98039275,198,169,314,307,99640,232534,0.0702598314606741,0,232534_99640_0,232534_99640
729,person,0.8714439,204,0,475,351,99746,232534,0.4174903441011236,0,232534_99746_0,232534_99746
730,cow,0.5120768,72,58,288,341,99852,232534,0.2682935393258427,0,232534_99852_0,232534_99852
731,horse,0.98825395,79,88,254,356,100170,232534,0.2058462078651684,2,232534_100170_2,232534_100170
732,person,0.60313785,308,200,366,314,100170,232534,0.0290203651685393,0,232534_100170_0,232534_100170
733,horse,0.5305856,170,117,344,356,100170,232534,0.1825228230337078,1,232534_100170_1,232534_100170
734,person,0.58077216,155,80,434,354,100276,232534,0.3355249297752809,0,232534_100276_0,232534_100276
735,person,0.8184348000000001,66,1,512,355,100382,232534,0.6929599719101124,1,232534_100382_1,232534_100382
736,person,0.7718541999999999,57,68,410,331,100382,232534,0.4074745435393258,0,232534_100382_0,232534_100382
737,person,0.9037558,71,12,432,344,100488,232534,0.5260358146067415,0,232534_100488_0,232534_100488
738,person,0.96536624,73,14,495,354,100594,232534,0.6297401685393258,1,232534_100594_1,232534_100594
739,person,0.6059443,193,114,547,353,100594,232534,0.3713395365168539,0,232534_100594_0,232534_100594
740,person,0.9807294,53,61,495,349,100700,232534,0.5587078651685393,1,232534_100700_1,232534_100700
741,person,0.6471948000000001,60,61,328,334,100700,232534,0.3211200842696629,0,232534_100700_0,232534_100700
742,dog,0.7710024000000001,69,22,265,303,100806,232534,0.2417310393258427,0,232534_100806_0,232534_100806
743,person,0.70210767,161,151,441,350,100806,232534,0.2445575842696629,1,232534_100806_1,232534_100806
744,person,0.7560806999999999,119,41,506,341,100912,232534,0.5095681179775281,1,232534_100912_1,232534_100912
745,person,0.55039465,96,25,374,343,100912,232534,0.3880091292134831,0,232534_100912_0,232534_100912
746,tv,0.5771305999999999,47,0,545,356,101018,232534,0.778125,0,232534_101018_0,232534_101018
747,person,0.99225545,320,17,502,336,102396,232534,0.2548191713483146,0,232534_102396_0,232534_102396
748,tv,0.7604363000000001,55,0,589,356,102396,232534,0.834375,1,232534_102396_1,232534_102396
749,vase,0.86456233,137,71,379,344,102502,232534,0.2899666432584269,0,232534_102502_0,232534_102502
750,vase,0.6710531999999999,145,66,379,352,102608,232534,0.2937324438202247,0,232534_102608_0,232534_102608
751,vase,0.8842857,138,49,373,350,102714,232534,0.3104590941011236,1,232534_102714_1,232534_102714
752,bird,0.5763566999999999,391,62,462,178,102714,232534,0.0361481741573033,0,232534_102714_0,232534_102714
753,person,0.88494724,112,11,366,344,102926,232534,0.3712341994382022,0,232534_102926_0,232534_102926
754,person,0.83310014,119,41,495,347,103032,232534,0.5049859550561798,1,232534_103032_1,232534_103032
755,person,0.7834776999999999,220,97,452,347,103032,232534,0.254564606741573,0,232534_103032_0,232534_103032
756,oven,0.59628516,17,0,582,355,103244,232534,0.8803326896067416,0,232534_103244_0,232534_103244
757,person,0.5789936,104,16,317,339,103562,232534,0.3019619030898876,0,232534_103562_0,232534_103562
758,person,0.6620039000000001,349,17,546,350,103668,232534,0.2879257373595505,0,232534_103668_0,232534_103668
759,person,0.5613515,465,43,548,218,104092,232534,0.0637508778089887,0,232534_104092_0,232534_104092
760,cow,0.539239,113,0,425,255,104198,232534,0.3491924157303371,0,232534_104198_0,232534_104198
761,cat,0.8610566999999999,463,26,538,128,104622,232534,0.0335761938202247,0,232534_104622_0,232534_104622
762,person,0.9622934,189,25,457,351,104728,232534,0.3834620786516854,0,232534_104728_0,232534_104728
763,person,0.70985526,216,144,502,351,105152,232534,0.2598402387640449,0,232534_105152_0,232534_105152
764,dog,0.5849003,423,8,512,61,106530,232534,0.020703125,0,232534_106530_0,232534_106530
765,horse,0.76221704,166,75,443,338,106742,232534,0.3197463132022472,0,232534_106742_0,232534_106742
766,horse,0.6710431,179,23,530,354,106742,232534,0.5099236306179775,1,232534_106742_1,232534_106742
767,horse,0.88218415,162,64,489,345,106848,232534,0.4032961727528089,1,232534_106848_1,232534_106848
768,horse,0.6070843,167,100,402,327,106848,232534,0.2341336025280899,0,232534_106848_0,232534_106848
769,teddy bear,0.7513274999999999,188,18,499,324,106954,232534,0.4176878511235955,0,232534_106954_0,232534_106954
770,person,0.8169172,94,123,186,299,108226,232534,0.071067415730337,0,232534_108226_0,232534_108226
771,vase,0.6568009,97,197,199,343,108544,232534,0.0653616573033707,0,232534_108544_0,232534_108544
772,vase,0.584391,131,48,368,344,108544,232534,0.3079002808988764,1,232534_108544_1,232534_108544
773,person,0.9231151,193,35,415,354,108650,232534,0.3108233848314606,3,232534_108650_3,232534_108650
774,person,0.8003998000000001,354,63,473,347,108650,232534,0.1483321629213483,0,232534_108650_0,232534_108650
775,person,0.61688536,98,47,233,331,108650,232534,0.1682759831460674,1,232534_108650_1,232534_108650
776,person,0.5467081,305,71,450,347,108650,232534,0.1756495786516854,2,232534_108650_2,232534_108650
777,person,0.9038706,99,4,475,353,108756,232534,0.5759480337078652,2,232534_108756_2,232534_108756
778,person,0.8763155,431,33,559,346,108756,232534,0.1758426966292134,1,232534_108756_1,232534_108756
779,person,0.5027984999999999,360,59,487,230,108756,232534,0.0953168890449438,0,232534_108756_0,232534_108756
780,person,0.8975472,58,19,426,353,108862,232534,0.5394662921348314,1,232534_108862_1,232534_108862
781,person,0.66019106,296,32,519,348,108862,232534,0.3092872191011236,0,232534_108862_0,232534_108862
782,cat,0.554454,223,21,494,332,108968,232534,0.3699130969101124,0,232534_108968_0,232534_108968
783,person,0.8109831000000001,204,7,514,351,109074,232534,0.4680477528089888,1,232534_109074_1,232534_109074
784,cat,0.71920466,213,27,515,310,109074,232534,0.3751141151685393,0,232534_109074_0,232534_109074
785,cat,0.83459765,224,25,516,334,109180,232534,0.3960147471910113,0,232534_109180_0,232534_109180
786,person,0.9478591,305,26,500,346,109286,232534,0.273876404494382,0,232534_109286_0,232534_109286
787,person,0.9122917,111,15,347,349,109286,232534,0.3459620786516854,1,232534_109286_1,232534_109286
788,person,0.69124645,157,18,491,350,109286,232534,0.486692415730337,2,232534_109286_2,232534_109286
789,person,0.9753009,127,3,495,347,109392,232534,0.5556179775280898,1,232534_109392_1,232534_109392
790,person,0.6925339,298,31,478,345,109392,232534,0.2480688202247191,0,232534_109392_0,232534_109392
791,person,0.9866145,111,10,339,349,109498,232534,0.3392380617977528,1,232534_109498_1,232534_109498
792,person,0.57699025,139,85,210,165,109498,232534,0.0249297752808988,0,232534_109498_0,232534_109498
793,person,0.8310626,269,3,488,334,109604,232534,0.3181574789325843,1,232534_109604_1,232534_109604
794,person,0.7805239,100,16,410,354,109604,232534,0.4598841292134832,2,232534_109604_2,232534_109604
795,person,0.6341241999999999,71,19,257,344,109604,232534,0.2653177668539326,0,232534_109604_0,232534_109604
796,person,0.92975783,201,10,454,301,110134,232534,0.3231346558988764,2,232534_110134_2,232534_110134
797,tie,0.72996294,329,104,363,170,110134,232534,0.0098490168539325,0,232534_110134_0,232534_110134
798,person,0.6324288,67,17,162,356,110134,232534,0.1413491924157303,1,232534_110134_1,232534_110134
799,person,0.74579275,207,0,482,356,110240,232534,0.4296875,1,232534_110240_1,232534_110240
800,person,0.6072298,122,26,253,349,110240,232534,0.1857136587078652,0,232534_110240_0,232534_110240
801,person,0.9550588,191,21,416,329,110346,232534,0.3041608146067415,1,232534_110346_1,232534_110346
802,person,0.8170420999999999,351,0,557,341,110346,232534,0.3083128511235955,2,232534_110346_2,232534_110346
803,tie,0.7859929,297,102,328,162,110346,232534,0.0081636235955056,0,232534_110346_0,232534_110346
804,person,0.9530202,398,0,554,345,110452,232534,0.2362183988764045,0,232534_110452_0,232534_110452
805,person,0.894658,143,4,333,352,110664,232534,0.2902036516853932,0,232534_110664_0,232534_110664
806,person,0.86637604,118,0,279,356,110876,232534,0.2515625,1,232534_110876_1,232534_110876
807,person,0.8452607,359,17,487,352,110876,232534,0.1882022471910112,0,232534_110876_0,232534_110876
808,person,0.58391345,165,14,302,166,110982,232534,0.0913974719101123,0,232534_110982_0,232534_110982
