,imdb_id,frame_num,instance_num,class,confidence,x1,y1,x2,y2,area,pct_of_frame
0,167474,700,0,book,0.547,0,23,478,340,151526,0.881
1,167474,800,0,book,0.513,0,14,475,350,159600,0.927
2,167474,900,0,book,0.689,0,10,478,331,153438,0.892
3,167474,1000,0,book,0.654,12,12,473,339,150747,0.876
4,167474,1100,0,book,0.619,18,0,469,349,157399,0.915
5,167474,1200,0,book,0.661,25,7,471,347,151640,0.881
6,167474,1300,0,book,0.791,4,7,476,354,163784,0.952
7,167474,1400,0,book,0.721,6,15,478,343,154816,0.9
8,167474,1500,0,book,0.786,4,20,474,332,146640,0.852
9,167474,1700,2,person,0.951,23,152,159,322,23120,0.134
10,167474,1700,1,person,0.908,193,123,311,240,13806,0.08
11,167474,1700,3,person,0.695,335,138,472,337,27263,0.158
12,167474,1700,0,person,0.661,342,141,443,261,12120,0.07
13,167474,1800,1,person,0.953,22,146,169,341,28665,0.167
14,167474,1800,2,person,0.929,324,141,470,344,29638,0.172
15,167474,1800,0,person,0.853,188,123,302,243,13680,0.079
16,167474,1800,3,person,0.62,175,115,321,338,32558,0.189
17,167474,1900,1,person,0.942,20,151,154,314,21842,0.127
18,167474,1900,2,person,0.932,330,144,472,341,27974,0.163
19,167474,1900,0,person,0.776,187,131,307,235,12480,0.073
20,167474,2000,2,person,0.943,20,153,158,312,21942,0.128
21,167474,2000,1,person,0.917,180,112,323,250,19734,0.115
22,167474,2000,3,person,0.844,334,142,472,329,25806,0.15
23,167474,2000,4,person,0.779,173,107,335,315,33696,0.196
24,167474,2000,0,person,0.605,333,143,448,267,14260,0.083
25,167474,2100,4,person,0.958,23,152,196,347,33735,0.196
26,167474,2100,1,person,0.871,189,115,323,250,18090,0.105
27,167474,2100,0,person,0.853,336,142,454,258,13688,0.08
28,167474,2100,2,person,0.685,335,143,471,332,25704,0.149
29,167474,2100,3,person,0.67,178,108,335,320,33284,0.193
30,167474,2200,2,person,0.978,324,138,470,345,30222,0.176
31,167474,2200,0,person,0.93,186,115,308,241,15372,0.089
32,167474,2200,1,person,0.919,17,146,164,327,26607,0.155
33,167474,2300,2,person,0.945,19,150,155,318,22848,0.133
34,167474,2300,1,person,0.838,333,142,462,264,15738,0.091
35,167474,2300,0,person,0.796,194,116,318,242,15624,0.091
36,167474,2300,3,person,0.768,329,140,472,324,26312,0.153
37,167474,2300,4,person,0.685,177,109,332,322,33015,0.192
38,167474,2400,2,person,0.933,24,154,161,326,23564,0.137
39,167474,2400,1,person,0.93,188,112,310,241,15738,0.091
40,167474,2400,3,person,0.904,325,146,470,342,28420,0.165
41,167474,2400,0,handbag,0.582,31,273,218,351,14586,0.085
42,167474,2500,3,person,0.956,180,105,332,351,37392,0.217
43,167474,2500,1,person,0.917,33,152,174,304,21432,0.125
44,167474,2500,0,person,0.893,180,111,320,241,18200,0.106
45,167474,2500,2,person,0.686,309,143,463,347,31416,0.183
46,167474,3100,1,bird,0.576,150,278,214,335,3648,0.021
47,167474,3100,0,surfboard,0.531,278,251,370,277,2392,0.014
48,167474,3200,0,surfboard,0.742,211,247,307,277,2880,0.017
49,167474,3600,0,person,0.995,109,107,255,353,35916,0.209
50,167474,3900,1,person,0.987,265,173,362,325,14744,0.086
51,167474,3900,0,person,0.598,218,172,281,264,5796,0.034
52,167474,4000,1,person,0.994,171,151,303,322,22572,0.131
53,167474,4000,0,person,0.939,288,192,363,309,8775,0.051
54,167474,4100,0,person,0.986,213,104,298,314,17850,0.104
55,167474,4100,1,person,0.953,282,44,357,312,20100,0.117
56,167474,4300,0,person,0.982,146,107,292,355,36208,0.21
57,167474,4300,1,person,0.977,278,9,441,358,56887,0.331
58,167474,4400,0,person,0.989,183,91,314,360,35239,0.205
59,167474,4400,1,person,0.964,72,35,188,359,37584,0.218
60,167474,4500,0,person,0.981,42,107,106,297,12160,0.071
61,167474,4700,0,person,0.997,180,114,283,351,24411,0.142
62,167474,4700,1,person,0.994,28,77,145,310,27261,0.158
63,167474,4800,1,person,0.988,164,118,251,352,20358,0.118
64,167474,4800,0,person,0.973,82,71,163,303,18792,0.109
65,167474,4900,1,person,0.952,181,28,361,357,59220,0.344
66,167474,4900,0,person,0.649,161,66,257,271,19680,0.114
67,167474,5000,0,person,0.996,66,49,409,355,104958,0.61
68,167474,5100,1,person,0.994,187,69,439,350,70812,0.412
69,167474,5100,0,person,0.984,4,190,180,358,29568,0.172
70,167474,5200,2,person,0.997,201,47,336,354,41445,0.241
71,167474,5200,1,person,0.996,368,75,465,356,27257,0.158
72,167474,5200,0,person,0.976,118,57,200,263,16892,0.098
73,167474,5300,0,person,0.99,118,57,196,278,17238,0.1
74,167474,5300,2,person,0.967,315,43,468,360,48501,0.282
75,167474,5300,1,person,0.896,388,79,471,353,22742,0.132
76,167474,5400,0,person,0.996,266,87,415,352,39485,0.229
77,167474,5500,1,person,0.992,88,36,236,344,45584,0.265
78,167474,5500,0,person,0.984,252,131,402,353,33300,0.194
79,167474,5600,0,person,0.989,27,116,156,345,29541,0.172
80,167474,5600,1,person,0.986,258,119,406,349,34040,0.198
81,167474,5700,1,person,0.969,65,0,469,358,144632,0.84
82,167474,5700,0,donut,0.516,70,242,258,352,20680,0.12
83,167474,5800,0,person,0.989,8,14,428,359,144900,0.842
84,167474,5900,0,person,0.967,23,2,464,357,156555,0.91
85,167474,6000,0,person,0.985,67,5,476,357,143968,0.837
86,167474,6100,1,person,0.979,118,49,295,250,35577,0.207
87,167474,6100,2,person,0.974,6,69,227,351,62322,0.362
88,167474,6100,0,person,0.969,304,75,439,267,25920,0.151
89,167474,6200,2,person,0.979,5,82,222,344,56854,0.33
90,167474,6200,1,person,0.955,145,36,293,249,31524,0.183
91,167474,6200,0,person,0.863,298,79,428,260,23530,0.137
92,167474,6300,0,person,0.972,7,0,478,358,168618,0.98
93,167474,6400,0,person,0.984,81,4,467,360,137416,0.799
94,167474,6500,2,person,0.988,6,79,233,350,61517,0.357
95,167474,6500,1,person,0.981,128,46,285,238,30144,0.175
96,167474,6500,0,person,0.946,301,78,422,263,22385,0.13
97,167474,6600,1,person,0.931,83,55,322,254,47561,0.276
98,167474,6600,3,person,0.889,30,58,313,324,75278,0.437
99,167474,6600,0,person,0.85,300,79,432,241,21384,0.124
100,167474,6600,2,person,0.635,0,97,232,341,56608,0.329
101,167474,6700,2,person,0.964,6,83,204,339,50688,0.295
102,167474,6700,0,person,0.918,302,88,440,258,23460,0.136
103,167474,6700,1,person,0.796,104,45,297,238,37249,0.216
104,167474,6800,0,person,0.993,53,38,474,349,130931,0.761
105,167474,6900,0,person,0.971,68,0,478,352,144320,0.839
106,167474,7000,0,person,0.989,42,0,474,353,152496,0.886
107,167474,7100,2,person,0.985,4,72,275,303,62601,0.364
108,167474,7100,0,person,0.977,267,65,478,273,43888,0.255
109,167474,7100,1,person,0.728,112,19,303,253,44694,0.26
110,167474,7200,1,person,0.986,263,66,478,278,45580,0.265
111,167474,7200,2,person,0.982,7,66,264,300,60138,0.349
112,167474,7200,0,person,0.923,132,45,300,239,32592,0.189
113,167474,7300,0,person,0.988,88,18,424,358,114240,0.664
114,167474,7400,0,person,0.968,10,14,478,360,161928,0.941
115,167474,7500,0,person,0.969,13,9,478,360,163215,0.948
116,167474,7600,0,person,0.973,91,22,462,360,125398,0.729
117,167474,7700,1,person,0.962,332,53,474,289,33512,0.195
118,167474,7700,2,person,0.958,9,85,287,310,62550,0.363
119,167474,7700,0,person,0.954,154,38,318,239,32964,0.192
120,167474,7800,3,person,0.971,0,125,296,320,57720,0.335
121,167474,7800,2,person,0.947,185,57,352,256,33233,0.193
122,167474,7800,1,person,0.861,338,65,455,229,19188,0.112
123,167474,7800,0,person,0.706,343,160,471,283,15744,0.091
124,167474,7900,0,person,0.953,328,58,464,282,30464,0.177
125,167474,7900,2,person,0.871,2,147,298,327,53280,0.31
126,167474,7900,1,person,0.819,187,10,354,243,38911,0.226
127,167474,8000,0,person,0.981,73,0,477,360,145440,0.845
128,167474,8100,0,person,0.905,62,0,478,360,149760,0.87
129,167474,8200,0,person,0.985,111,14,441,360,114180,0.664
130,167474,8300,0,person,0.98,63,6,310,350,84968,0.494
131,167474,8400,0,person,0.997,215,47,473,356,79722,0.463
132,167474,8400,1,person,0.993,16,0,293,294,81438,0.473
133,167474,8500,1,person,0.959,36,9,379,341,113876,0.662
134,167474,8500,0,person,0.864,10,53,177,289,39412,0.229
135,167474,8600,0,person,0.996,16,0,262,286,70356,0.409
136,167474,8600,1,person,0.936,197,0,460,348,91524,0.532
137,167474,8700,2,person,0.99,147,106,250,360,26162,0.152
138,167474,8700,0,person,0.92,326,150,384,275,7250,0.042
139,167474,8700,1,dog,0.919,332,186,401,304,8142,0.047
140,167474,8800,0,person,0.996,109,24,265,360,52416,0.305
141,167474,8900,0,person,0.995,100,81,170,279,13860,0.081
142,167474,9000,1,person,0.982,217,88,274,221,7581,0.044
143,167474,9000,0,person,0.502,287,110,324,229,4403,0.026
144,167474,9100,0,person,0.751,195,98,240,193,4275,0.025
145,167474,9500,1,person,0.953,63,71,284,294,49283,0.286
146,167474,9500,0,vase,0.952,269,149,351,279,10660,0.062
147,167474,9600,1,bird,0.887,190,30,300,145,12650,0.074
148,167474,9600,0,bird,0.664,144,146,218,225,5846,0.034
149,167474,9600,2,bird,0.536,106,113,375,333,59180,0.344
150,167474,9900,0,person,0.991,132,0,396,356,93984,0.546
151,167474,10000,0,cow,0.854,60,116,238,282,29548,0.172
152,167474,10100,0,person,0.978,225,94,388,338,39772,0.231
153,167474,10200,1,person,0.753,114,139,179,208,4485,0.026
154,167474,10200,0,person,0.661,116,139,175,181,2478,0.014
155,167474,10500,0,person,0.986,201,94,318,278,21528,0.125
156,167474,10600,0,person,0.909,121,70,232,247,19647,0.114
157,167474,10700,0,person,0.681,139,82,254,213,15065,0.088
158,167474,10800,2,person,0.982,50,138,188,287,20562,0.119
159,167474,10800,1,bird,0.672,199,247,248,321,3626,0.021
160,167474,10800,0,bird,0.529,196,250,222,320,1820,0.011
161,167474,10900,0,person,0.999,149,81,288,331,34750,0.202
162,167474,11000,0,person,0.549,146,176,211,258,5330,0.031
163,167474,11300,0,cow,0.502,7,102,170,272,27710,0.161
164,167474,11400,0,person,0.995,123,92,273,330,35700,0.207
165,167474,11400,1,bench,0.66,22,108,442,324,90720,0.527
166,167474,11500,0,cow,0.656,168,82,453,300,62130,0.361
167,167474,11500,1,dog,0.537,187,86,472,313,64695,0.376
168,167474,11600,0,person,0.994,58,50,321,356,80478,0.468
169,167474,11700,0,person,0.989,58,22,323,352,87450,0.508
170,167474,12200,3,person,0.962,51,138,338,352,61418,0.357
171,167474,12200,0,person,0.921,292,103,388,250,14112,0.082
172,167474,12200,1,person,0.921,1,126,153,354,34656,0.201
173,167474,12200,2,bench,0.578,164,217,457,358,41313,0.24
174,167474,12300,2,person,0.992,230,40,478,338,73904,0.429
175,167474,12300,0,bowl,0.967,117,292,250,355,8379,0.049
176,167474,12300,1,person,0.967,6,109,244,335,53788,0.313
177,167474,12400,2,person,0.991,230,41,478,342,74648,0.434
178,167474,12400,0,bowl,0.979,115,291,252,355,8768,0.051
179,167474,12400,1,person,0.96,45,44,244,317,54327,0.316
180,167474,12500,1,person,0.994,235,39,478,345,74358,0.432
181,167474,12500,2,person,0.992,3,7,245,320,75746,0.44
182,167474,12500,0,bowl,0.984,116,295,254,355,8280,0.048
183,167474,12600,1,person,0.993,242,37,476,346,72306,0.42
184,167474,12600,2,person,0.989,6,18,260,323,77470,0.45
185,167474,12600,0,bowl,0.982,116,289,253,354,8905,0.052
186,167474,12700,0,person,0.663,0,29,128,340,39808,0.231
187,167474,12800,1,person,0.698,21,0,433,343,141316,0.821
188,167474,12800,0,person,0.67,2,0,84,248,20336,0.118
189,167474,12900,2,person,0.983,192,87,477,299,60420,0.351
190,167474,12900,1,person,0.98,32,56,233,283,45627,0.265
191,167474,12900,0,bowl,0.947,148,264,241,317,4929,0.029
192,167474,13000,2,person,0.996,180,37,453,342,83265,0.484
193,167474,13000,1,person,0.983,11,76,201,335,49210,0.286
194,167474,13000,0,bowl,0.895,148,298,244,348,4800,0.028
195,167474,13100,0,person,0.967,195,44,360,358,51810,0.301
196,167474,13200,1,person,0.993,159,0,417,352,90816,0.528
197,167474,13200,0,person,0.946,7,172,240,354,42406,0.246
198,167474,13300,1,person,0.995,328,4,478,358,53100,0.309
199,167474,13300,0,person,0.99,67,76,230,360,46292,0.269
200,167474,13400,0,person,0.989,120,0,423,355,107565,0.625
201,167474,13500,0,person,0.988,122,6,418,352,102416,0.595
202,167474,13600,0,person,0.987,108,10,419,353,106673,0.62
203,167474,13700,1,person,0.986,255,64,474,310,53874,0.313
204,167474,13700,2,person,0.975,18,86,268,324,59500,0.346
205,167474,13700,0,bowl,0.972,93,280,209,348,7888,0.046
206,167474,13800,1,person,0.977,261,84,478,316,50344,0.293
207,167474,13800,2,person,0.97,17,81,276,328,63973,0.372
208,167474,13800,0,bowl,0.912,91,282,216,346,8000,0.046
209,167474,13900,5,person,0.981,55,122,229,360,41412,0.241
210,167474,13900,3,person,0.964,318,42,435,256,25038,0.146
211,167474,13900,2,person,0.947,0,100,97,357,24929,0.145
212,167474,13900,4,dining table,0.864,185,234,437,346,28224,0.164
213,167474,13900,0,bowl,0.723,196,229,257,257,1708,0.01
214,167474,13900,1,person,0.601,268,88,335,205,7839,0.046
215,167474,13900,6,person,0.518,300,36,439,354,44202,0.257
216,167474,14000,0,person,0.989,113,19,470,356,120309,0.699
217,167474,14100,0,person,0.987,19,16,408,350,129926,0.755
218,167474,14200,0,person,0.991,267,123,420,332,31977,0.186
219,167474,14200,1,person,0.983,120,136,293,331,33735,0.196
220,167474,14300,1,person,0.987,269,128,422,335,31671,0.184
221,167474,14300,0,person,0.981,153,131,303,327,29400,0.171
222,167474,14400,2,person,0.997,268,11,462,334,62662,0.364
223,167474,14400,1,person,0.974,90,121,282,324,38976,0.226
224,167474,14400,0,bowl,0.761,159,283,255,335,4992,0.029
225,167474,14500,0,person,0.993,97,20,329,348,76096,0.442
226,167474,14600,0,person,0.993,128,19,349,352,73593,0.428
227,167474,14700,0,person,0.991,127,24,345,355,72158,0.419
228,167474,14800,2,person,0.998,227,17,400,350,57609,0.335
229,167474,14800,1,person,0.979,53,221,221,354,22344,0.13
230,167474,14800,0,person,0.69,32,226,110,348,9516,0.055
231,167474,14900,0,person,0.984,76,43,475,353,123690,0.719
232,167474,15000,0,person,0.996,63,2,476,358,147028,0.854
233,167474,15100,1,person,0.972,195,82,468,358,75348,0.438
234,167474,15100,0,person,0.961,2,31,210,359,68224,0.396
235,167474,15200,1,person,0.974,274,66,357,254,15604,0.091
236,167474,15200,3,person,0.933,62,74,234,353,47988,0.279
237,167474,15200,0,bowl,0.688,293,226,365,262,2592,0.015
238,167474,15200,2,dining table,0.632,114,230,448,346,38744,0.225
239,167474,15300,2,person,0.943,251,67,344,246,16647,0.097
240,167474,15300,1,person,0.858,145,98,226,270,13932,0.081
241,167474,15300,3,dining table,0.686,137,233,462,346,36725,0.213
242,167474,15300,0,bowl,0.672,293,224,364,262,2698,0.016
243,167474,15400,0,bowl,0.594,296,226,365,261,2415,0.014
244,167474,15500,2,person,0.935,11,130,121,350,24200,0.141
245,167474,15500,1,person,0.925,172,177,297,307,16250,0.094
246,167474,15500,0,person,0.8,143,110,233,260,13500,0.078
247,167474,15600,0,person,0.957,183,176,306,305,15867,0.092
248,167474,15600,1,person,0.795,144,106,246,264,16116,0.094
249,167474,15600,2,person,0.527,24,132,134,353,24310,0.141
250,167474,15700,2,person,0.957,188,138,376,352,40232,0.234
251,167474,15700,0,person,0.721,162,70,302,270,28000,0.163
252,167474,15700,1,person,0.717,0,0,93,360,33480,0.195
253,167474,15700,3,person,0.699,162,87,356,297,40740,0.237
254,167474,15800,2,person,0.968,183,137,381,341,40392,0.235
255,167474,15800,1,person,0.927,0,86,99,360,27126,0.158
256,167474,15800,0,person,0.868,159,48,286,255,26289,0.153
257,167474,15800,3,person,0.587,106,128,362,356,58368,0.339
258,167474,15900,0,person,0.76,40,6,478,353,151986,0.883
259,167474,16100,0,person,0.996,292,109,398,340,24486,0.142
260,167474,16100,1,person,0.987,76,50,252,350,52800,0.307
261,167474,16300,0,person,0.992,270,104,384,329,25650,0.149
262,167474,16300,2,person,0.983,170,127,311,332,28905,0.168
263,167474,16300,1,person,0.981,69,148,206,336,25756,0.15
264,167474,16500,2,person,0.999,301,58,415,315,29298,0.17
265,167474,16500,0,person,0.947,176,110,301,258,18500,0.108
266,167474,16500,1,person,0.942,100,179,276,336,27632,0.161
267,167474,16500,3,person,0.719,132,134,289,328,30458,0.177
268,167474,16600,2,person,0.978,305,48,376,314,18886,0.11
269,167474,16600,3,person,0.947,139,101,257,338,27966,0.163
270,167474,16600,0,person,0.891,118,214,255,338,16988,0.099
271,167474,16600,1,person,0.77,176,102,260,309,17388,0.101
272,167474,16700,2,person,0.996,254,54,380,318,33264,0.193
273,167474,16700,1,person,0.976,191,97,271,343,19680,0.114
274,167474,16700,0,person,0.973,119,218,243,337,14756,0.086
275,167474,16800,1,person,0.968,208,161,334,355,24444,0.142
276,167474,16800,0,person,0.733,143,203,253,352,16390,0.095
277,167474,16900,0,person,0.985,263,193,452,359,31374,0.182
278,167474,17000,0,bird,0.744,288,15,359,77,4402,0.026
279,167474,17000,1,person,0.677,58,197,190,353,20592,0.12
280,167474,17100,0,person,0.907,29,61,435,352,118146,0.687
281,167474,17200,0,person,0.968,39,37,425,340,116958,0.68
282,167474,17300,0,bird,0.966,45,51,298,320,68057,0.395
283,167474,17400,1,person,0.988,174,157,242,314,10676,0.062
284,167474,17400,2,person,0.945,278,182,348,346,11480,0.067
285,167474,17400,0,person,0.517,174,145,218,193,2112,0.012
286,167474,17500,2,person,0.952,182,166,237,312,8030,0.047
287,167474,17500,3,person,0.925,263,175,352,347,15308,0.089
288,167474,17500,1,person,0.822,379,264,448,345,5589,0.032
289,167474,17500,0,person,0.806,174,143,214,208,2600,0.015
290,167474,17600,1,bird,0.881,57,69,302,330,63945,0.372
291,167474,17600,0,baseball glove,0.525,57,172,203,280,15768,0.092
292,167474,17700,0,person,0.823,4,83,89,297,18190,0.106
293,167474,17900,0,person,0.925,379,254,468,360,9434,0.055
294,167474,17900,1,bench,0.521,0,197,233,355,36814,0.214
295,167474,18000,0,person,0.957,11,0,471,357,164220,0.954
296,167474,18100,0,person,0.935,193,102,281,290,16544,0.096
297,167474,18100,1,person,0.723,311,82,412,263,18281,0.106
298,167474,18100,2,couch,0.602,372,120,475,301,18643,0.108
299,167474,18200,2,person,0.959,202,81,346,298,31248,0.182
300,167474,18200,1,dog,0.677,324,83,399,268,13875,0.081
301,167474,18200,0,person,0.523,323,79,395,263,13248,0.077
302,167474,18300,1,person,0.972,77,43,468,358,123165,0.716
303,167474,18300,0,person,0.909,21,50,348,343,95811,0.557
304,167474,18400,1,person,0.988,119,111,443,354,78732,0.458
305,167474,18400,0,person,0.951,11,39,226,342,65145,0.379
306,167474,18500,4,person,0.957,68,167,227,359,30528,0.177
307,167474,18500,6,person,0.93,166,33,290,331,36952,0.215
308,167474,18500,3,person,0.861,300,74,402,306,23664,0.138
309,167474,18500,0,person,0.804,261,270,343,357,7134,0.041
310,167474,18500,5,person,0.611,250,57,379,300,31347,0.182
311,167474,18500,1,person,0.564,241,16,324,149,11039,0.064
312,167474,18500,2,person,0.555,252,91,349,281,18430,0.107
313,167474,18600,1,person,0.952,70,22,454,350,125952,0.732
314,167474,18600,0,person,0.922,1,0,347,337,116602,0.678
315,167474,18700,1,person,0.955,224,135,416,356,42432,0.247
316,167474,18700,3,person,0.905,14,0,266,356,89712,0.521
317,167474,18700,0,person,0.829,4,0,57,286,15158,0.088
318,167474,18700,2,person,0.745,282,0,438,281,43836,0.255
319,167474,18800,0,person,0.729,127,63,355,315,57456,0.334
320,167474,18800,1,person,0.587,29,83,329,330,74100,0.431
321,167474,18900,0,person,0.994,103,72,229,339,33642,0.196
322,167474,19000,1,person,0.999,304,106,468,350,40016,0.233
323,167474,19000,0,person,0.994,213,158,316,337,18437,0.107
324,167474,19400,1,bird,0.837,119,16,441,336,103040,0.599
325,167474,19400,0,cat,0.547,226,247,306,337,7200,0.042
326,167474,19500,0,person,0.989,66,132,145,340,16432,0.095
327,167474,19600,0,person,0.997,112,131,177,354,14495,0.084
328,167474,19600,2,person,0.994,274,118,349,359,18075,0.105
329,167474,19600,1,person,0.991,17,162,91,358,14504,0.084
330,167474,19700,0,person,0.996,72,149,209,335,25482,0.148
331,167474,19800,2,person,0.995,73,147,201,334,23936,0.139
332,167474,19800,0,person,0.971,324,202,430,360,16748,0.097
333,167474,19800,1,skis,0.71,299,193,470,303,18810,0.109
334,167474,19900,0,person,0.999,233,129,330,343,20758,0.121
335,167474,19900,1,person,0.986,69,141,189,340,23880,0.139
336,167474,20000,0,person,0.986,305,148,391,347,17114,0.099
337,167474,20000,1,person,0.916,200,162,312,346,20608,0.12
338,167474,20300,0,bird,0.812,159,134,414,313,45645,0.265
339,167474,20400,0,bird,0.966,207,151,313,281,13780,0.08
340,167474,20800,0,person,0.942,247,150,315,271,8228,0.048
341,167474,20900,1,person,0.644,96,175,154,223,2784,0.016
342,167474,20900,0,person,0.567,375,71,411,128,2052,0.012
343,167474,21200,0,person,0.955,153,76,228,261,13875,0.081
344,167474,21300,0,person,0.99,38,69,301,352,74429,0.433
345,167474,21400,0,person,0.919,212,142,261,235,4557,0.026
346,167474,21400,1,banana,0.524,77,200,225,320,17760,0.103
347,167474,21500,0,banana,0.659,36,212,223,320,20196,0.117
348,167474,21700,0,person,0.702,213,164,257,230,2904,0.017
349,167474,21700,1,banana,0.552,35,210,253,323,24634,0.143
350,167474,21800,0,horse,0.549,213,139,313,213,7400,0.043
351,167474,21900,0,person,0.512,148,180,172,252,1728,0.01
352,167474,22000,0,umbrella,0.602,267,2,363,72,6720,0.039
353,167474,22000,1,cow,0.534,127,81,308,214,24073,0.14
354,167474,22100,0,umbrella,0.572,120,78,306,183,19530,0.113
355,167474,22200,1,person,0.982,152,291,221,360,4761,0.028
356,167474,22200,0,person,0.936,61,291,113,357,3432,0.02
357,167474,22300,0,horse,0.965,42,267,163,360,11253,0.065
358,167474,22300,1,horse,0.708,52,275,240,351,14288,0.083
359,167474,22400,0,horse,0.952,46,242,191,360,17110,0.099
360,167474,22500,0,horse,0.863,167,219,295,349,16640,0.097
361,167474,22700,0,person,0.898,96,222,136,311,3560,0.021
362,167474,22700,1,horse,0.638,153,234,211,312,4524,0.026
363,167474,22800,1,cow,0.611,210,141,301,214,6643,0.039
364,167474,22800,0,traffic light,0.561,449,116,478,166,1450,0.008
365,167474,22800,2,horse,0.502,209,141,304,212,6745,0.039
366,167474,22900,0,cow,0.612,204,141,301,216,7275,0.042
367,167474,23000,0,person,0.756,215,198,327,339,15792,0.092
368,167474,23000,1,umbrella,0.6,95,16,478,286,103410,0.601
369,167474,23100,0,person,0.919,209,193,310,340,14847,0.086
370,167474,23100,1,umbrella,0.508,77,0,469,324,127008,0.738
371,167474,23200,0,person,0.965,83,25,324,334,74469,0.433
372,167474,23300,2,person,0.968,2,101,244,354,61226,0.356
373,167474,23300,0,person,0.858,196,20,334,202,25116,0.146
374,167474,23300,1,person,0.658,249,98,470,355,56797,0.33
375,167474,23400,1,person,0.977,211,24,468,350,83782,0.487
376,167474,23400,0,person,0.706,369,318,426,360,2394,0.014
377,167474,23500,0,person,0.98,142,36,347,352,64780,0.376
378,167474,23600,1,person,0.974,106,49,403,340,86427,0.502
379,167474,23600,0,umbrella,0.609,107,47,206,228,17919,0.104
380,167474,23700,1,horse,0.874,285,160,376,347,17017,0.099
381,167474,23700,0,horse,0.765,342,169,438,306,13152,0.076
382,167474,23800,0,person,0.995,114,55,463,350,102955,0.598
383,167474,23900,0,person,0.972,130,33,473,352,109417,0.636
384,167474,24000,2,person,0.981,232,63,399,360,49599,0.288
385,167474,24000,1,umbrella,0.962,46,0,158,156,17472,0.102
386,167474,24000,0,person,0.805,328,110,404,246,10336,0.06
387,167474,24100,2,person,0.992,245,26,423,360,59452,0.345
388,167474,24100,1,umbrella,0.87,47,79,165,240,18998,0.11
389,167474,24100,0,handbag,0.69,316,215,423,360,15515,0.09
390,167474,24200,1,person,0.985,233,7,425,360,67776,0.394
391,167474,24200,0,umbrella,0.832,49,112,174,288,22000,0.128
392,167474,24300,0,person,0.995,143,175,406,353,46814,0.272
393,167474,24400,2,person,0.984,3,100,270,354,67818,0.394
394,167474,24400,1,person,0.876,244,85,471,350,60155,0.35
395,167474,24400,0,person,0.738,189,10,313,206,24304,0.141
396,167474,24500,4,person,0.965,19,88,378,356,96212,0.559
397,167474,24500,2,person,0.778,292,96,469,302,36462,0.212
398,167474,24500,0,person,0.652,198,20,314,188,19488,0.113
399,167474,24500,3,person,0.56,187,30,357,294,44880,0.261
400,167474,24500,1,person,0.51,319,124,444,288,20500,0.119
401,167474,24600,2,person,0.955,6,121,298,357,68912,0.4
402,167474,24600,1,person,0.871,291,35,466,353,55650,0.323
403,167474,24600,0,person,0.655,187,27,340,246,33507,0.195
404,167474,24700,0,person,0.959,100,52,323,271,48837,0.284
405,167474,24700,1,person,0.5,90,54,437,323,93343,0.542
406,167474,24800,0,person,0.925,282,47,400,350,35754,0.208
407,167474,24900,1,person,0.946,291,26,478,355,61523,0.358
408,167474,24900,0,person,0.818,49,167,191,286,16898,0.098
409,167474,25000,1,person,0.988,61,121,242,355,42354,0.246
410,167474,25000,2,person,0.983,198,13,462,353,89760,0.522
411,167474,25000,0,umbrella,0.635,168,13,259,194,16471,0.096
412,167474,25100,1,person,0.984,18,130,233,356,48590,0.282
413,167474,25100,2,person,0.981,212,17,445,360,79919,0.464
414,167474,25100,0,umbrella,0.723,165,23,264,186,16137,0.094
415,167474,25200,3,cow,0.923,248,226,293,284,2610,0.015
416,167474,25200,2,person,0.85,312,218,343,282,1984,0.012
417,167474,25200,0,cow,0.645,209,236,242,283,1551,0.009
418,167474,25200,4,airplane,0.638,325,214,478,275,9333,0.054
419,167474,25200,1,cow,0.548,171,237,202,292,1705,0.01
420,167474,25400,0,person,0.929,256,115,372,324,24244,0.141
421,167474,25400,1,person,0.722,248,87,409,348,42021,0.244
422,167474,25500,0,bench,0.547,313,227,471,290,9954,0.058
423,167474,25600,1,person,0.918,63,181,149,300,10234,0.059
424,167474,25600,0,person,0.833,43,171,73,253,2460,0.014
425,167474,25600,2,airplane,0.602,7,1,473,206,95530,0.555
426,167474,25700,1,person,0.939,65,179,147,298,9758,0.057
427,167474,25700,0,person,0.763,41,172,74,250,2574,0.015
428,167474,25800,1,person,0.984,47,104,191,296,27648,0.161
429,167474,25800,0,person,0.677,221,203,242,249,966,0.006
430,167474,25900,0,person,0.979,47,104,173,292,23688,0.138
431,167474,26000,1,person,0.969,46,106,173,295,24003,0.139
432,167474,26000,0,dog,0.809,235,205,281,273,3128,0.018
433,167474,26000,2,cow,0.515,0,1,140,184,25620,0.149
434,167474,26100,1,person,0.998,132,45,367,359,73790,0.429
435,167474,26100,0,vase,0.595,48,208,92,259,2244,0.013
436,167474,26200,0,person,0.947,194,91,464,351,70200,0.408
437,167474,26200,1,horse,0.674,25,0,478,352,159456,0.927
438,167474,26300,2,horse,0.985,297,120,477,360,43200,0.251
439,167474,26300,5,person,0.917,10,37,321,346,96099,0.558
440,167474,26300,3,horse,0.758,235,126,461,320,43844,0.255
441,167474,26300,1,horse,0.725,245,184,467,358,38628,0.224
442,167474,26300,0,horse,0.566,305,240,452,357,17199,0.1
443,167474,26300,4,horse,0.52,187,129,428,360,55671,0.324
444,167474,26400,0,person,0.889,301,115,394,360,22785,0.132
445,167474,26400,1,person,0.855,8,24,307,347,96577,0.561
446,167474,26500,1,person,0.997,40,92,192,357,40280,0.234
447,167474,26500,0,person,0.518,178,190,313,354,22140,0.129
448,167474,26600,0,person,0.951,63,10,449,356,133556,0.776
449,167474,26700,0,person,0.994,19,0,399,356,135280,0.786
450,167474,26800,0,person,0.981,51,20,416,353,121545,0.706
451,167474,26900,0,person,0.992,45,27,426,354,124587,0.724
452,167474,27000,1,person,0.965,259,133,359,350,21700,0.126
453,167474,27000,0,person,0.915,48,42,186,179,18906,0.11
454,167474,27000,2,bed,0.62,9,73,286,349,76452,0.444
455,167474,27100,0,person,0.991,20,37,405,358,123585,0.718
456,167474,27200,0,person,0.977,40,18,397,353,119595,0.695
457,167474,27300,1,person,0.937,65,34,203,331,40986,0.238
458,167474,27300,0,person,0.664,70,86,168,331,24010,0.14
459,167474,27400,0,person,0.987,10,59,103,337,25854,0.15
460,167474,27500,0,person,0.984,6,51,104,337,28028,0.163
461,167474,27600,1,person,0.995,51,32,389,359,110526,0.642
462,167474,27600,0,vase,0.87,0,254,61,355,6161,0.036
463,167474,27700,1,person,0.991,55,14,316,355,89001,0.517
464,167474,27700,0,person,0.98,290,31,476,360,61194,0.356
465,167474,27800,0,person,0.99,143,50,233,263,19170,0.111
466,167474,27900,0,person,0.976,139,33,237,278,24010,0.14
467,167474,27900,1,person,0.669,84,53,309,348,66375,0.386
468,167474,28000,0,person,0.995,140,41,236,298,24672,0.143
469,167474,28000,1,person,0.978,224,25,345,360,40535,0.236
470,167474,28000,2,person,0.962,339,40,478,357,44063,0.256
471,167474,28100,2,person,0.989,16,61,145,353,37668,0.219
472,167474,28100,1,person,0.977,186,99,254,311,14416,0.084
473,167474,28100,0,person,0.78,317,200,383,347,9702,0.056
474,167474,28200,3,person,0.989,9,32,138,352,41280,0.24
475,167474,28200,0,person,0.973,188,105,252,306,12864,0.075
476,167474,28200,2,person,0.888,381,124,478,360,22892,0.133
477,167474,28200,1,person,0.742,338,131,405,350,14673,0.085
478,167474,28300,2,person,0.997,4,46,110,352,32436,0.188
479,167474,28300,0,person,0.986,325,116,417,351,21620,0.126
480,167474,28300,1,person,0.885,225,119,333,348,24732,0.144
481,167474,28400,1,person,0.999,33,13,180,359,50862,0.296
482,167474,28400,2,person,0.997,205,28,478,349,87633,0.509
483,167474,28400,0,tennis racket,0.515,26,141,68,174,1386,0.008
484,167474,28500,0,person,0.998,0,14,208,360,71968,0.418
485,167474,28500,1,person,0.995,208,23,472,355,87648,0.509
486,167474,28600,0,person,0.995,80,27,445,354,119355,0.694
487,167474,28700,2,person,0.981,205,76,473,358,75576,0.439
488,167474,28700,0,person,0.932,92,9,281,354,65205,0.379
489,167474,28700,1,person,0.58,137,69,374,358,68493,0.398
490,167474,28800,2,person,0.99,171,75,470,357,84318,0.49
491,167474,28800,1,person,0.918,105,15,263,352,53246,0.309
492,167474,28800,0,tie,0.538,150,186,199,303,5733,0.033
493,167474,28900,1,person,0.992,0,20,278,357,93686,0.544
494,167474,28900,0,person,0.95,304,35,478,357,56028,0.326
495,167474,29000,1,person,0.994,1,8,285,354,98264,0.571
496,167474,29000,0,person,0.974,285,47,478,347,57900,0.336
497,167474,29100,2,person,0.989,1,0,289,358,103104,0.599
498,167474,29100,1,person,0.94,208,31,475,354,86241,0.501
499,167474,29100,0,person,0.669,314,32,474,353,51360,0.298
500,167474,29200,1,person,0.987,0,0,346,352,121792,0.708
501,167474,29200,0,bird,0.617,259,84,457,351,52866,0.307
502,167474,29300,1,person,0.99,6,17,354,348,115188,0.669
503,167474,29300,0,person,0.881,249,107,471,294,41514,0.241
504,167474,29400,0,person,0.962,333,122,407,349,16798,0.098
505,167474,29400,1,person,0.944,394,68,475,358,23490,0.137
506,167474,29400,2,person,0.931,254,103,355,342,24139,0.14
507,167474,29500,1,person,0.955,292,101,393,355,25654,0.149
508,167474,29500,2,person,0.895,380,80,474,360,26320,0.153
509,167474,29500,0,person,0.516,270,89,350,306,17360,0.101
510,167474,29600,2,person,0.985,285,107,392,357,26750,0.155
511,167474,29600,0,person,0.974,200,91,264,281,12160,0.071
512,167474,29600,1,person,0.928,368,76,452,357,23604,0.137
513,167474,29700,1,person,0.986,4,6,272,354,93264,0.542
514,167474,29700,0,person,0.977,287,71,475,357,53768,0.312
515,167474,29800,0,person,0.987,10,7,404,357,137900,0.801
516,167474,29900,0,person,0.985,44,22,406,351,119098,0.692
517,167474,30000,0,person,0.992,318,0,476,356,56248,0.327
518,167474,30000,1,person,0.986,57,114,304,357,60021,0.349
519,167474,30100,0,person,0.996,73,7,405,360,117196,0.681
520,167474,30200,0,person,0.893,96,89,423,359,88290,0.513
521,167474,30300,2,person,0.961,19,171,234,356,39775,0.231
522,167474,30300,0,person,0.821,7,84,85,182,7644,0.044
523,167474,30300,1,person,0.674,0,85,84,257,14448,0.084
524,167474,30400,0,person,0.965,155,42,263,346,32832,0.191
525,167474,30500,0,person,0.977,167,54,268,350,29896,0.174
526,167474,30600,0,person,0.976,161,53,285,344,36084,0.21
527,167474,30700,0,person,0.927,134,86,226,328,22264,0.129
528,167474,30800,1,person,0.96,49,13,281,360,80504,0.468
529,167474,30800,0,person,0.849,269,107,467,356,49302,0.287
530,167474,30900,0,person,0.98,383,167,441,354,10846,0.063
531,167474,30900,1,person,0.923,132,91,259,358,33909,0.197
532,167474,30900,2,person,0.718,49,90,263,360,57780,0.336
533,167474,31000,0,person,0.952,324,176,406,348,14104,0.082
534,167474,31000,1,person,0.76,228,178,327,332,15246,0.089
535,167474,31100,2,person,0.99,287,165,422,358,26055,0.151
536,167474,31100,0,person,0.98,166,232,209,335,4429,0.026
537,167474,31100,1,person,0.927,261,196,308,344,6956,0.04
538,167474,31200,1,person,0.987,218,238,294,359,9196,0.053
539,167474,31200,2,person,0.98,328,208,423,353,13775,0.08
540,167474,31200,0,bench,0.504,129,244,193,298,3456,0.02
541,167474,31300,0,person,0.529,124,218,153,296,2262,0.013
542,167474,31400,4,person,0.996,54,67,163,354,31283,0.182
543,167474,31400,0,person,0.983,245,146,281,219,2628,0.015
544,167474,31400,2,person,0.967,142,119,197,264,7975,0.046
545,167474,31400,1,handbag,0.555,46,145,86,261,4640,0.027
546,167474,31400,3,handbag,0.532,43,103,121,262,12402,0.072
547,167474,31500,2,person,0.98,33,122,111,311,14742,0.086
548,167474,31500,1,person,0.979,178,116,234,258,7952,0.046
549,167474,31500,0,person,0.954,266,156,292,207,1326,0.008
550,167474,31600,1,person,0.968,224,132,264,235,4120,0.024
551,167474,31600,2,person,0.935,141,133,185,251,5192,0.03
552,167474,31600,0,person,0.536,321,157,342,196,819,0.005
553,167474,31700,1,person,0.945,21,110,127,252,15052,0.087
554,167474,31700,0,person,0.943,126,158,261,251,12555,0.073
555,167474,31700,2,couch,0.682,0,204,478,356,72656,0.422
556,167474,31800,1,person,0.961,20,107,124,250,14872,0.086
557,167474,31800,0,person,0.928,122,161,258,252,12376,0.072
558,167474,31800,2,dining table,0.759,6,231,413,348,47619,0.277
559,167474,31900,2,person,0.982,130,93,473,352,88837,0.516
560,167474,31900,1,person,0.956,7,34,256,354,79680,0.463
561,167474,31900,0,person,0.777,0,51,172,348,51084,0.297
562,167474,32000,4,person,0.947,77,26,284,354,67896,0.395
563,167474,32000,0,person,0.86,318,120,478,360,38400,0.223
564,167474,32000,3,person,0.768,13,31,220,355,67068,0.39
565,167474,32000,2,person,0.741,217,80,391,357,48198,0.28
566,167474,32000,1,person,0.621,0,103,154,356,38962,0.226
567,167474,32100,1,person,0.98,107,75,461,357,99828,0.58
568,167474,32100,2,person,0.938,38,27,376,359,112216,0.652
569,167474,32100,0,person,0.671,3,11,241,360,83062,0.483
570,167474,32200,0,person,0.968,177,52,473,360,91168,0.53
571,167474,32200,1,person,0.952,12,34,335,357,104329,0.606
572,167474,32300,3,person,0.975,8,22,248,355,79920,0.464
573,167474,32300,2,person,0.955,126,191,408,348,44274,0.257
574,167474,32300,0,person,0.759,0,110,82,351,19762,0.115
575,167474,32300,1,person,0.626,208,197,451,352,37665,0.219
576,167474,32400,0,person,0.992,0,25,424,360,142040,0.825
577,167474,32500,0,person,0.982,19,30,415,360,130680,0.759
578,167474,32600,0,person,0.976,194,77,478,359,80088,0.465
579,167474,32600,1,person,0.969,5,43,270,360,84005,0.488
580,167474,32600,2,person,0.65,67,39,370,360,97263,0.565
581,167474,32700,1,person,0.975,11,27,293,354,92214,0.536
582,167474,32700,0,person,0.95,219,76,477,350,70692,0.411
583,167474,32800,0,person,0.945,221,75,477,353,71168,0.414
584,167474,32800,2,person,0.939,27,29,304,352,89471,0.52
585,167474,32800,1,person,0.635,87,96,407,360,84480,0.491
586,167474,32900,2,person,0.94,14,57,374,360,109080,0.634
587,167474,32900,0,person,0.905,239,71,474,337,62510,0.363
588,167474,32900,1,person,0.805,71,20,299,310,66120,0.384
589,167474,33000,3,person,0.989,23,58,216,330,52496,0.305
590,167474,33000,2,person,0.878,294,51,470,301,44000,0.256
591,167474,33000,1,person,0.579,359,49,472,225,19888,0.116
592,167474,33000,0,person,0.558,234,36,358,191,19220,0.112
593,167474,33100,1,person,0.993,47,31,304,359,84296,0.49
594,167474,33100,0,chair,0.786,274,201,380,339,14628,0.085
595,167474,33200,1,person,0.987,20,32,295,355,88825,0.516
596,167474,33200,0,chair,0.651,275,188,378,344,16068,0.093
597,167474,33300,0,person,0.99,137,63,478,357,100254,0.583
598,167474,33400,0,person,0.994,33,47,428,360,123635,0.718
599,167474,33500,2,person,0.965,161,70,321,267,31520,0.183
600,167474,33500,1,person,0.949,21,112,108,260,12876,0.075
601,167474,33500,3,bed,0.587,17,228,444,360,56364,0.328
602,167474,33500,0,person,0.504,105,92,154,194,4998,0.029
603,167474,33600,1,person,0.895,166,77,478,359,87984,0.511
604,167474,33600,0,chair,0.51,7,113,203,349,46256,0.269
605,167474,33700,0,person,0.989,106,16,478,357,126852,0.737
606,167474,33800,1,person,0.945,305,81,441,251,23120,0.134
607,167474,33800,0,person,0.594,101,92,160,187,5605,0.033
608,167474,33800,2,dining table,0.579,0,237,429,353,49764,0.289
609,167474,33900,0,person,0.992,180,0,365,360,66600,0.387
610,167474,34000,0,person,0.997,0,21,434,360,147126,0.855
611,167474,34100,0,person,0.873,303,181,456,345,25092,0.146
612,167474,34100,1,person,0.648,140,191,453,349,49454,0.287
613,167474,34200,0,person,0.992,0,42,434,351,134106,0.779
614,167474,34300,1,person,0.902,65,69,418,344,97075,0.564
615,167474,34300,0,person,0.819,194,75,449,342,68085,0.396
616,167474,34400,1,person,0.817,17,132,220,358,45878,0.267
617,167474,34400,0,person,0.792,95,70,235,194,17360,0.101
618,167474,34800,0,person,0.974,26,0,390,358,130312,0.757
619,167474,35000,1,person,0.982,192,147,287,359,20140,0.117
620,167474,35000,0,bench,0.819,39,247,211,316,11868,0.069
621,167474,35000,2,person,0.565,137,38,267,267,29770,0.173
622,167474,35100,0,person,0.993,364,0,478,360,41040,0.238
623,167474,35200,0,person,0.995,139,130,230,352,20202,0.117
624,167474,35300,0,person,0.77,140,182,157,221,663,0.004
625,167474,35300,1,person,0.5,207,186,223,229,688,0.004
626,167474,35400,0,person,0.594,137,182,155,217,630,0.004
627,167474,35500,1,person,0.912,408,186,453,260,3330,0.019
628,167474,35500,0,person,0.87,244,186,275,252,2046,0.012
629,167474,35700,0,sheep,0.501,0,3,160,286,45280,0.263
630,167474,35800,0,person,0.918,174,50,258,147,8148,0.047
631,167474,36100,0,person,0.868,139,35,172,104,2277,0.013
632,167474,36400,0,person,0.931,205,85,384,345,46540,0.27
633,167474,36400,2,person,0.911,96,6,313,337,71827,0.417
634,167474,36400,1,person,0.57,145,23,371,327,68704,0.399
635,167474,36500,2,person,0.835,38,88,109,154,4686,0.027
636,167474,36500,0,person,0.671,332,100,355,132,736,0.004
637,167474,36500,1,cow,0.662,221,125,258,160,1295,0.008
638,167474,36600,1,person,0.941,87,3,354,324,85707,0.498
639,167474,36600,0,person,0.917,206,86,395,344,48762,0.283
640,167474,36700,1,person,0.929,92,0,324,315,73080,0.425
641,167474,36700,0,person,0.926,216,96,394,347,44678,0.26
642,167474,36900,1,person,0.951,83,7,372,338,95659,0.556
643,167474,36900,0,person,0.947,167,69,387,336,58740,0.341
644,167474,37000,0,person,0.96,200,74,390,337,49970,0.29
645,167474,37000,1,person,0.914,101,34,371,326,78840,0.458
646,167474,37100,0,person,0.966,111,20,378,332,83304,0.484
647,167474,37200,0,person,0.981,164,82,356,314,44544,0.259
648,167474,37300,1,person,0.994,10,63,337,359,96792,0.562
649,167474,37300,0,person,0.974,268,73,456,355,53016,0.308
650,167474,37400,1,person,0.994,6,70,273,360,77430,0.45
651,167474,37400,0,person,0.96,280,68,472,354,54912,0.319
652,167474,37500,1,person,0.99,7,76,294,360,81508,0.474
653,167474,37500,0,person,0.973,283,72,466,356,51972,0.302
654,167474,37600,1,person,0.988,5,65,283,357,81176,0.472
655,167474,37600,0,person,0.943,281,73,461,350,49860,0.29
656,167474,37700,1,person,0.99,10,67,283,359,79716,0.463
657,167474,37700,0,person,0.969,271,70,465,356,55484,0.322
658,167474,37800,1,person,0.992,265,69,476,354,60135,0.349
659,167474,37800,2,person,0.987,9,84,307,356,81056,0.471
660,167474,37800,0,backpack,0.504,9,169,170,346,28497,0.166
661,167474,37900,1,person,0.976,252,168,416,359,31324,0.182
662,167474,37900,0,person,0.938,176,212,306,356,18720,0.109
663,167474,38000,1,person,0.971,113,94,264,351,38807,0.226
664,167474,38000,0,person,0.937,241,207,350,357,16350,0.095
665,167474,38100,2,person,0.986,44,96,258,356,55640,0.323
666,167474,38100,0,person,0.96,296,199,453,354,24335,0.141
667,167474,38100,1,person,0.728,131,90,257,359,33894,0.197
668,167474,38200,1,person,0.914,112,138,257,356,31610,0.184
669,167474,38200,0,person,0.886,233,137,354,351,25894,0.15
670,167474,38200,2,person,0.673,168,129,346,356,40406,0.235
671,167474,38300,0,clock,0.939,177,165,245,264,6732,0.039
672,167474,38300,2,person,0.741,102,145,180,257,8736,0.051
673,167474,38300,1,bench,0.569,42,240,176,305,8710,0.051
674,167474,38400,0,person,0.993,48,80,368,357,88640,0.515
675,167474,38500,1,person,0.994,194,25,427,355,76890,0.447
676,167474,38500,0,person,0.618,34,108,221,354,46002,0.267
677,167474,38600,1,person,0.926,57,158,223,308,24900,0.145
678,167474,38600,0,person,0.655,60,171,170,306,14850,0.086
679,167474,38700,0,person,0.696,115,38,330,287,53535,0.311
680,167474,38800,1,person,0.991,267,19,471,354,68340,0.397
681,167474,38800,0,person,0.958,0,91,187,354,49181,0.286
682,167474,38900,2,person,0.957,12,40,337,359,103675,0.602
683,167474,38900,0,person,0.916,276,71,419,341,38610,0.224
684,167474,38900,1,person,0.546,108,49,379,354,82655,0.48
685,167474,39100,2,person,0.809,53,178,179,332,19404,0.113
686,167474,39100,0,person,0.799,43,175,125,276,8282,0.048
687,167474,39100,1,person,0.55,54,170,139,301,11135,0.065
688,167474,39200,0,person,0.958,17,109,108,345,21476,0.125
689,167474,39200,1,person,0.927,278,168,404,339,21546,0.125
690,167474,39300,0,person,0.986,10,124,127,359,27495,0.16
691,167474,39300,1,person,0.983,211,189,381,357,28560,0.166
692,167474,39400,0,person,0.987,106,63,237,352,37859,0.22
693,167474,39400,1,person,0.971,235,86,406,356,46170,0.268
694,167474,39500,0,person,0.833,4,219,126,331,13664,0.079
695,167474,39500,2,person,0.76,7,218,213,353,27810,0.162
696,167474,39500,3,person,0.744,281,144,457,337,33968,0.197
697,167474,39500,1,person,0.671,308,151,454,275,18104,0.105
698,167474,39500,4,person,0.587,194,131,462,354,59764,0.347
699,167474,39600,0,person,0.992,36,61,389,360,105547,0.613
700,167474,39700,1,person,0.992,0,0,459,360,165240,0.96
701,167474,39700,0,tie,0.934,126,259,248,356,11834,0.069
702,167474,39900,0,person,0.98,39,126,208,352,38194,0.222
703,167474,39900,1,person,0.969,249,23,478,342,73051,0.425
704,167474,40000,0,person,0.979,45,119,207,354,38070,0.221
705,167474,40000,1,person,0.967,230,30,478,335,75640,0.44
706,167474,40100,0,person,0.993,43,119,319,359,66240,0.385
707,167474,40100,1,person,0.954,248,2,477,344,78318,0.455
708,167474,40300,0,person,0.934,56,27,303,333,75582,0.439
709,167474,40300,1,person,0.913,114,40,365,360,80320,0.467
710,167474,40400,0,person,0.972,220,16,350,352,43680,0.254
711,167474,40400,1,person,0.864,90,48,310,360,68640,0.399
712,167474,40500,2,person,0.935,391,185,413,232,1034,0.006
713,167474,40500,1,person,0.863,344,186,366,228,924,0.005
714,167474,40500,0,person,0.578,431,197,450,230,627,0.004
715,167474,40600,2,person,0.948,263,181,286,236,1265,0.007
716,167474,40600,3,person,0.933,305,176,331,232,1456,0.008
717,167474,40600,0,person,0.929,372,187,390,230,774,0.004
718,167474,40600,1,person,0.83,332,181,356,230,1176,0.007
719,167474,40700,1,person,0.922,149,47,277,258,27008,0.157
720,167474,40700,0,person,0.837,78,101,126,178,3696,0.021
721,167474,40700,2,horse,0.822,254,67,446,315,47616,0.277
722,167474,40800,3,person,0.985,249,158,289,263,4200,0.024
723,167474,40800,0,person,0.967,295,180,327,248,2176,0.013
724,167474,40800,2,person,0.92,187,169,224,265,3552,0.021
725,167474,40800,1,person,0.694,214,172,244,255,2490,0.014
726,167474,41000,0,horse,0.563,232,44,335,173,13287,0.077
727,167474,41100,0,person,0.969,203,156,363,348,30720,0.179
728,167474,41100,1,person,0.965,211,147,445,353,48204,0.28
729,167474,41200,0,person,0.944,116,9,440,360,113724,0.661
730,167474,41300,0,person,0.982,62,4,362,358,106200,0.617
731,167474,41400,0,person,0.985,118,37,475,360,115311,0.67
732,167474,41500,0,person,0.845,16,187,113,349,15714,0.091
733,167474,41600,0,person,0.714,400,149,425,197,1200,0.007
734,167474,41600,1,person,0.557,234,159,404,351,32640,0.19
735,167474,41700,2,person,0.693,394,151,416,201,1100,0.006
736,167474,41700,1,person,0.626,419,158,439,199,820,0.005
737,167474,41700,3,bird,0.54,184,161,271,321,13920,0.081
738,167474,41700,0,person,0.517,423,159,445,195,792,0.005
739,167474,41800,3,person,0.985,169,180,273,360,18720,0.109
740,167474,41800,0,person,0.935,361,191,443,354,13366,0.078
741,167474,41800,2,person,0.883,46,168,145,355,18513,0.108
742,167474,41800,1,person,0.63,82,161,151,357,13524,0.079
743,167474,41900,2,person,0.973,76,186,170,352,15604,0.091
744,167474,41900,0,person,0.79,294,211,350,329,6608,0.038
745,167474,41900,1,person,0.506,201,200,259,351,8758,0.051
746,167474,42000,0,person,0.967,330,176,419,356,16020,0.093
747,167474,42000,1,person,0.94,125,97,204,352,20145,0.117
748,167474,42100,1,person,0.982,248,19,478,360,78430,0.456
749,167474,42100,0,person,0.918,20,110,244,349,53536,0.311
750,167474,42200,1,person,0.981,261,74,478,356,61194,0.356
751,167474,42200,0,person,0.528,16,0,100,316,26544,0.154
752,167474,42300,1,person,0.997,5,53,180,351,52150,0.303
753,167474,42300,0,person,0.953,279,74,454,350,48300,0.281
754,167474,42400,1,person,0.989,210,0,471,360,93960,0.546
755,167474,42400,0,person,0.645,17,69,200,351,51606,0.3
756,167474,42500,1,person,0.991,200,0,478,357,99246,0.577
757,167474,42500,0,person,0.563,4,38,197,354,60988,0.354
758,167474,42600,1,cow,0.629,215,48,335,172,14880,0.086
759,167474,42600,0,horse,0.506,214,50,330,172,14152,0.082
760,167474,42700,2,person,0.986,105,80,405,357,83100,0.483
761,167474,42700,1,person,0.973,347,77,477,353,35880,0.209
762,167474,42700,0,person,0.906,256,8,371,242,26910,0.156
763,167474,42800,2,person,0.982,132,55,365,357,70366,0.409
764,167474,42800,0,person,0.949,281,74,452,352,47538,0.276
765,167474,42800,1,person,0.857,200,42,424,355,70112,0.407
766,167474,42900,0,person,0.901,189,152,237,234,3936,0.023
767,167474,42900,2,person,0.742,266,7,461,249,47190,0.274
768,167474,42900,1,bench,0.513,167,258,422,340,20910,0.122
769,167474,43000,0,person,0.942,92,113,181,345,20648,0.12
770,167474,43000,1,person,0.803,268,55,418,245,28500,0.166
771,167474,43000,2,person,0.721,93,118,240,359,35427,0.206
772,167474,43100,1,person,0.96,228,34,456,351,72276,0.42
773,167474,43100,0,person,0.903,189,8,330,345,47517,0.276
774,167474,43200,0,person,0.999,267,41,435,360,53592,0.311
775,167474,43300,0,person,0.993,100,31,254,348,48818,0.284
776,167474,43400,1,person,0.982,186,0,473,351,100737,0.585
777,167474,43400,0,person,0.953,7,14,269,358,90128,0.524
778,167474,43500,4,person,0.995,99,22,363,357,88440,0.514
779,167474,43500,2,person,0.954,50,151,119,342,13179,0.077
780,167474,43500,3,person,0.887,374,177,451,355,13706,0.08
781,167474,43500,0,person,0.643,339,200,383,284,3696,0.021
782,167474,43500,1,person,0.509,428,154,476,354,9600,0.056
783,167474,43600,0,person,0.967,65,0,384,360,114840,0.667
784,167474,43700,0,person,0.961,25,11,408,360,133667,0.777
785,167474,43800,0,person,0.961,25,0,410,360,138600,0.805
786,167474,43900,0,person,0.936,65,44,396,351,101617,0.591
787,167474,44000,0,person,0.93,88,54,398,351,92070,0.535
788,167474,44100,0,person,0.89,110,51,387,354,83931,0.488
789,167474,44200,0,person,0.995,27,20,447,359,142380,0.827
790,167474,44300,0,person,0.996,199,18,433,360,80028,0.465
791,167474,44400,0,person,0.993,22,36,447,357,136425,0.793
792,167474,44500,0,person,0.991,27,28,441,354,134964,0.784
793,167474,44600,0,person,0.955,6,92,194,356,49632,0.288
794,167474,44600,1,person,0.751,269,3,459,355,66880,0.389
795,167474,44700,0,person,0.978,88,0,475,360,139320,0.81
796,167474,44800,0,person,0.978,74,0,478,352,142208,0.826
797,167474,44900,0,person,0.985,115,50,400,353,86355,0.502
798,167474,45000,1,person,0.997,0,7,293,357,102550,0.596
799,167474,45000,0,person,0.979,295,121,475,357,42480,0.247
800,167474,45100,3,person,0.988,69,72,193,360,35712,0.208
801,167474,45100,2,person,0.937,1,124,88,360,20532,0.119
802,167474,45100,0,person,0.911,396,211,478,356,11890,0.069
803,167474,45100,1,person,0.799,256,185,346,360,15750,0.092
804,167474,45600,3,person,0.991,150,21,472,359,108836,0.632
805,167474,45600,1,person,0.951,16,122,224,353,48048,0.279
806,167474,45600,2,person,0.829,73,54,389,360,96696,0.562
807,167474,45600,0,tie,0.501,278,207,373,353,13870,0.081
808,167474,45800,0,fire hydrant,0.547,336,227,398,348,7502,0.044
809,167474,46000,0,sheep,0.776,171,143,287,217,8584,0.05
810,167474,46000,1,bicycle,0.712,305,54,476,247,33003,0.192
811,167474,46100,0,person,0.995,124,48,323,341,58307,0.339
812,167474,46200,0,person,0.998,95,125,218,352,27921,0.162
813,167474,46300,1,person,0.935,131,133,260,295,20898,0.121
814,167474,46300,0,person,0.873,145,136,262,242,12402,0.072
815,167474,46400,0,person,0.843,38,185,79,324,5699,0.033
816,167474,46400,1,person,0.548,331,0,478,296,43512,0.253
817,167474,46500,0,person,0.998,99,142,238,335,26827,0.156
818,167474,46900,0,dog,0.53,106,163,350,299,33184,0.193
819,167474,47000,2,person,0.987,52,131,388,345,71904,0.418
820,167474,47000,0,person,0.911,239,53,411,292,41108,0.239
821,167474,47000,1,person,0.611,145,70,406,334,68904,0.4
822,167474,47100,2,person,0.988,108,100,394,349,71214,0.414
823,167474,47100,0,person,0.952,268,56,418,295,35850,0.208
824,167474,47100,1,person,0.725,189,73,414,320,55575,0.323
825,167474,47200,1,person,0.991,168,31,315,358,48069,0.279
826,167474,47200,0,person,0.969,280,1,407,351,44450,0.258
827,167474,47300,0,person,0.795,344,209,423,354,11455,0.067
828,167474,47300,1,person,0.789,133,167,239,324,16642,0.097
829,167474,47400,0,person,0.683,0,125,66,278,10098,0.059
830,167474,47500,0,truck,0.879,0,12,453,360,157644,0.916
831,167474,47600,0,truck,0.654,4,0,455,360,162360,0.944
832,167474,47700,0,person,0.561,252,159,333,358,16119,0.094
833,167474,47900,1,person,0.992,186,46,362,337,51216,0.298
834,167474,47900,0,person,0.507,249,40,357,344,32832,0.191
835,167474,48000,2,person,0.953,85,57,223,246,26082,0.152
836,167474,48000,1,person,0.854,338,93,459,280,22627,0.131
837,167474,48000,0,handbag,0.508,75,146,133,271,7250,0.042
838,167474,48100,1,person,0.978,271,128,456,351,41255,0.24
839,167474,48100,0,person,0.796,2,162,73,356,13774,0.08
840,167474,48200,0,person,0.946,213,215,281,339,8432,0.049
841,167474,48200,2,person,0.826,117,208,202,341,11305,0.066
842,167474,48200,1,bicycle,0.697,8,222,98,339,10530,0.061
843,167474,48300,1,person,0.943,88,182,154,306,8184,0.048
844,167474,48300,0,person,0.724,243,217,304,346,7869,0.046
845,167474,48300,2,person,0.575,31,156,112,353,15957,0.093
846,167474,48500,0,person,0.889,155,95,225,260,11550,0.067
847,167474,48500,1,person,0.839,361,0,459,257,25186,0.146
848,167474,48600,1,person,0.985,238,128,325,307,15573,0.09
849,167474,48600,0,person,0.53,202,283,414,353,14840,0.086
850,167474,48700,0,person,0.97,43,111,336,360,72957,0.424
851,167474,48800,0,person,0.772,45,104,323,353,69222,0.402
852,167474,48900,1,person,0.987,155,106,478,355,80427,0.467
853,167474,48900,0,person,0.981,25,63,280,358,75225,0.437
854,167474,49000,1,person,0.99,172,66,459,357,83517,0.485
855,167474,49000,0,person,0.984,17,49,269,354,76860,0.447
856,167474,49100,0,person,0.992,179,59,461,352,82626,0.48
857,167474,49100,1,person,0.992,16,33,285,348,84735,0.492
858,167474,49200,1,person,0.995,182,47,476,353,89964,0.523
859,167474,49200,0,person,0.984,14,37,251,350,74181,0.431
860,167474,49300,0,person,0.99,80,23,477,356,132201,0.768
861,167474,49400,0,person,0.987,45,52,379,352,100200,0.582
862,167474,49500,1,person,0.988,160,50,466,354,93024,0.541
863,167474,49500,0,person,0.969,11,25,273,355,86460,0.502
864,167474,49600,0,person,0.946,206,236,257,313,3927,0.023
865,167474,49700,1,person,0.997,46,176,133,303,11049,0.064
866,167474,49700,0,person,0.991,156,177,209,307,6890,0.04
867,167474,49800,0,person,0.994,128,142,179,304,8262,0.048
868,167474,49800,1,person,0.992,47,168,136,301,11837,0.069
869,167474,49900,1,person,0.988,64,202,124,300,5880,0.034
870,167474,49900,0,person,0.974,114,210,170,299,4984,0.029
871,167474,50000,0,person,0.995,121,128,248,329,25527,0.148
872,167474,50000,1,person,0.987,224,171,385,342,27531,0.16
873,167474,50100,0,person,0.996,119,132,250,328,25676,0.149
874,167474,50100,1,person,0.993,223,171,397,351,31320,0.182
875,167474,50200,0,person,0.995,116,135,250,326,25594,0.149
876,167474,50200,1,person,0.992,219,163,388,348,31265,0.182
877,167474,50300,0,person,0.995,119,131,247,328,25216,0.147
878,167474,50300,1,person,0.99,220,167,392,352,31820,0.185
879,167474,50400,0,person,0.996,21,38,317,359,95016,0.552
880,167474,50500,0,person,0.995,25,35,310,350,89775,0.522
881,167474,50600,0,person,0.993,17,38,330,355,99221,0.577
882,167474,50700,0,person,0.993,24,28,316,354,95192,0.553
883,167474,50800,0,person,0.987,70,21,471,360,135939,0.79
884,167474,50900,0,person,0.995,117,105,256,307,28078,0.163
885,167474,50900,1,person,0.967,247,139,408,331,30912,0.18
886,167474,51000,0,person,0.992,118,118,262,304,26784,0.156
887,167474,51000,1,person,0.943,238,151,419,329,32218,0.187
888,167474,51100,0,person,0.994,118,116,259,301,26085,0.152
889,167474,51100,1,person,0.894,234,148,411,327,31683,0.184
890,167474,51400,0,person,0.854,311,33,437,230,24822,0.144
891,167474,51500,1,person,0.834,240,37,426,290,47058,0.273
892,167474,51500,0,person,0.663,246,49,341,297,23560,0.137
893,167474,51600,1,bench,0.583,270,129,419,245,17284,0.1
894,167474,51600,0,person,0.547,118,259,168,305,2300,0.013
895,167474,51700,0,bench,0.576,281,131,416,244,15255,0.089
896,167474,51900,1,person,0.988,308,216,354,344,5888,0.034
897,167474,51900,3,person,0.987,224,201,275,342,7191,0.042
898,167474,51900,2,person,0.986,386,207,435,351,7056,0.041
899,167474,51900,0,person,0.974,146,193,182,340,5292,0.031
900,167474,52000,1,person,0.989,385,207,433,352,6960,0.04
901,167474,52000,3,person,0.985,263,217,335,347,9360,0.054
902,167474,52000,2,person,0.979,224,200,277,343,7579,0.044
903,167474,52000,0,person,0.969,143,194,183,339,5800,0.034
904,167474,52100,2,person,0.978,91,25,401,357,102920,0.598
905,167474,52100,1,person,0.949,30,12,267,353,80817,0.47
906,167474,52100,0,tie,0.895,170,142,217,219,3619,0.021
907,167474,52200,0,person,0.966,31,83,262,358,63525,0.369
908,167474,52200,1,person,0.74,204,37,478,358,87954,0.511
909,167474,52300,3,person,0.936,67,19,474,354,136345,0.792
910,167474,52300,1,person,0.674,36,127,318,355,64296,0.374
911,167474,52300,0,cup,0.542,294,0,478,161,29624,0.172
912,167474,52300,2,person,0.505,164,84,478,349,83210,0.484
913,167474,52400,0,person,0.945,25,96,250,352,57600,0.335
914,167474,52400,1,person,0.863,40,49,434,356,120958,0.703
915,167474,52500,0,person,0.519,6,156,267,347,49851,0.29
916,167474,52600,1,person,0.991,22,7,406,353,132864,0.772
917,167474,52600,0,person,0.91,256,106,440,324,40112,0.233
918,167474,52700,0,person,0.985,140,188,191,339,7701,0.045
919,167474,52700,2,person,0.954,264,211,347,345,11122,0.065
920,167474,52700,1,person,0.949,211,191,270,344,9027,0.052
921,167474,52800,0,person,0.771,245,153,429,354,36984,0.215
922,167474,52900,4,person,0.988,137,189,184,339,7050,0.041
923,167474,52900,2,person,0.982,298,211,346,344,6384,0.037
924,167474,52900,1,person,0.951,242,205,287,344,6255,0.036
925,167474,52900,0,person,0.917,213,201,256,338,5891,0.034
926,167474,52900,3,person,0.5,228,199,277,340,6909,0.04
927,167474,53000,1,person,0.994,296,210,348,344,6968,0.04
928,167474,53000,3,person,0.983,181,205,233,351,7592,0.044
929,167474,53000,2,person,0.966,235,197,289,334,7398,0.043
930,167474,53000,0,person,0.958,131,184,168,338,5698,0.033
931,167474,53100,1,person,0.959,171,249,226,341,5060,0.029
932,167474,53100,0,person,0.684,233,257,271,335,2964,0.017
933,167474,53200,2,person,0.995,292,226,346,348,6588,0.038
934,167474,53200,1,person,0.942,176,225,232,342,6552,0.038
935,167474,53200,3,person,0.937,129,192,178,339,7203,0.042
936,167474,53200,0,person,0.915,235,209,281,329,5520,0.032
937,167474,53300,3,person,0.994,279,213,344,348,8775,0.051
938,167474,53300,2,person,0.983,181,204,232,347,7293,0.042
939,167474,53300,1,person,0.912,131,185,173,341,6552,0.038
940,167474,53300,0,person,0.844,231,231,271,329,3920,0.023
941,167474,53400,4,person,0.988,298,205,362,345,8960,0.052
942,167474,53400,2,person,0.986,175,205,221,340,6210,0.036
943,167474,53400,3,person,0.964,137,187,185,339,7296,0.042
944,167474,53400,0,person,0.708,289,205,316,294,2403,0.014
945,167474,53400,1,person,0.597,291,200,331,342,5680,0.033
946,167474,53500,2,person,0.989,296,208,352,347,7784,0.045
947,167474,53500,1,person,0.979,173,204,220,339,6345,0.037
948,167474,53500,3,person,0.966,136,183,186,340,7850,0.046
949,167474,53500,0,person,0.902,366,200,394,265,1820,0.011
950,167474,53600,1,person,0.889,276,285,302,337,1352,0.008
951,167474,53600,0,person,0.757,235,295,251,343,768,0.004
952,167474,53700,0,person,0.987,290,167,316,221,1404,0.008
953,167474,53800,0,person,0.966,379,174,399,218,880,0.005
954,167474,54100,0,bench,0.857,141,146,196,179,1815,0.011
955,167474,54200,1,bench,0.755,142,145,197,179,1870,0.011
956,167474,54200,0,bench,0.507,145,144,178,179,1155,0.007
957,167474,54300,0,bench,0.819,142,146,197,179,1815,0.011
958,167474,54400,0,person,0.557,224,267,242,296,522,0.003
959,167474,54600,0,person,0.942,356,266,382,342,1976,0.011
960,167474,54700,2,person,0.963,267,138,359,347,19228,0.112
961,167474,54700,0,person,0.895,166,197,227,289,5612,0.033
962,167474,54700,1,person,0.7,169,197,226,345,8436,0.049
963,167474,54800,0,person,0.943,67,20,478,358,138918,0.807
964,167474,54900,0,teddy bear,0.625,12,31,410,341,123380,0.717
965,167474,55000,0,person,0.683,93,6,260,196,31730,0.184
966,167474,55100,0,person,0.934,7,19,407,349,132000,0.767
967,167474,55200,1,person,0.591,15,29,401,352,124678,0.725
968,167474,55200,0,dog,0.588,24,42,404,359,120460,0.7
969,167474,55300,0,person,0.956,0,16,441,347,145971,0.848
970,167474,55400,0,person,0.993,161,9,478,360,111267,0.647
971,167474,55500,0,person,0.976,2,7,453,347,153340,0.891
972,167474,55600,0,person,0.971,1,0,440,354,155406,0.903
973,167474,55700,0,person,0.946,297,78,409,325,27664,0.161
974,167474,55900,0,person,0.993,50,39,394,360,110424,0.642
975,167474,56000,0,person,0.99,55,36,400,358,111090,0.646
976,167474,56100,0,person,0.969,18,0,464,347,154762,0.899
977,167474,56200,0,person,0.986,18,10,461,347,149291,0.868
978,167474,56300,1,person,0.81,34,29,449,343,130310,0.757
979,167474,56300,2,dog,0.793,25,38,460,355,137895,0.801
980,167474,56300,0,person,0.548,0,0,84,350,29400,0.171
981,167474,56400,3,person,0.982,216,31,478,357,85412,0.496
982,167474,56400,2,person,0.921,0,51,255,350,76245,0.443
983,167474,56400,1,person,0.809,0,51,173,309,44634,0.259
984,167474,56400,0,person,0.689,1,49,151,229,27000,0.157
985,167474,56400,4,person,0.552,86,37,354,360,86564,0.503
986,167474,56500,1,person,0.951,0,36,234,345,72306,0.42
987,167474,56500,0,person,0.869,233,43,478,338,72275,0.42
988,167474,56600,0,person,0.93,59,0,389,347,114510,0.665
989,167474,56700,0,person,0.995,0,10,458,360,160300,0.932
990,167474,56800,0,person,0.791,15,43,393,351,116424,0.677
991,167474,56900,0,person,0.917,24,17,417,352,131655,0.765
992,167474,57000,0,person,0.976,30,31,478,346,141120,0.82
993,167474,57100,0,person,0.968,31,21,445,360,140346,0.816
994,167474,57200,0,person,0.916,141,162,259,293,15458,0.09
995,167474,57200,1,horse,0.533,219,9,458,331,76958,0.447
996,167474,57400,1,person,0.99,0,85,298,354,80162,0.466
997,167474,57400,0,person,0.898,220,27,426,360,68598,0.399
998,167474,57400,2,person,0.745,68,35,394,360,105950,0.616
999,167474,57500,0,person,0.985,20,80,249,356,63204,0.367
1000,167474,57500,1,person,0.97,179,25,436,359,85838,0.499
1001,167474,57600,1,person,0.992,10,86,291,360,76994,0.447
1002,167474,57600,0,person,0.958,227,34,438,360,68786,0.4
1003,167474,57700,0,person,0.991,34,91,294,357,69160,0.402
1004,167474,57700,1,person,0.945,232,32,447,360,70520,0.41
1005,167474,57800,0,person,0.992,30,84,266,354,63720,0.37
1006,167474,57800,1,person,0.918,205,25,434,360,76715,0.446
1007,167474,57900,0,person,0.991,0,80,193,359,53847,0.313
1008,167474,57900,1,person,0.984,208,32,408,359,65400,0.38
1009,167474,58000,1,person,0.994,13,61,135,357,36112,0.21
1010,167474,58000,2,person,0.981,309,15,432,355,41820,0.243
1011,167474,58000,0,backpack,0.519,375,94,437,196,6324,0.037
1012,167474,58100,1,person,0.993,7,59,139,360,39732,0.231
1013,167474,58100,0,person,0.943,428,46,478,360,15700,0.091
1014,167474,58200,0,person,0.585,154,257,173,301,836,0.005
1015,167474,58200,1,fire hydrant,0.5,152,257,173,298,861,0.005
1016,167474,58300,0,person,0.974,19,12,478,354,156978,0.912
1017,167474,59100,1,person,0.984,216,40,352,355,42840,0.249
1018,167474,59100,0,person,0.521,72,118,245,282,28372,0.165
1019,167474,59200,0,person,0.98,218,40,355,355,43155,0.251
1020,167474,59300,0,person,0.932,166,59,349,346,52521,0.305
1021,167474,59300,1,person,0.696,197,60,424,354,66738,0.388
1022,167474,59400,0,person,0.982,333,128,415,305,14514,0.084
1023,167474,59500,0,person,0.995,325,29,444,356,38913,0.226
1024,167474,59600,0,person,0.991,325,22,455,350,42640,0.248
1025,167474,59700,0,person,0.996,277,25,424,360,49245,0.286
1026,167474,59800,0,person,0.967,104,264,169,360,6240,0.036
1027,167474,59900,1,person,0.977,36,0,422,360,138960,0.808
1028,167474,59900,0,person,0.555,115,2,346,347,79695,0.463
1029,167474,60100,0,person,0.793,234,201,265,278,2387,0.014
1030,167474,60300,0,person,0.852,186,0,456,343,92610,0.538
1031,167474,60400,1,person,0.993,193,54,470,358,84208,0.489
1032,167474,60400,0,person,0.871,5,89,280,360,74525,0.433
1033,167474,60500,1,person,0.99,235,13,477,356,83006,0.482
1034,167474,60500,0,person,0.844,14,84,272,349,68370,0.397
1035,167474,60600,1,person,0.994,216,19,478,359,89080,0.518
1036,167474,60600,0,person,0.842,13,83,262,356,67977,0.395
1037,167474,60800,1,person,0.991,220,29,470,360,82750,0.481
1038,167474,60800,0,person,0.769,9,82,260,356,68774,0.4
1039,167474,60900,1,person,0.988,92,33,372,357,90720,0.527
1040,167474,60900,0,person,0.923,338,126,477,360,32526,0.189
1041,167474,61000,0,person,0.99,42,24,321,358,93186,0.542
1042,167474,61100,0,person,0.582,357,242,446,350,9612,0.056
1043,167474,61200,0,bottle,0.521,136,182,156,231,980,0.006
1044,167474,61400,0,book,0.51,173,60,286,271,23843,0.139
1045,167474,61500,0,person,0.864,202,215,276,354,10286,0.06
1046,167474,61700,1,person,0.945,224,191,268,299,4752,0.028
1047,167474,61700,0,person,0.806,203,195,247,299,4576,0.027
1048,167474,61800,1,person,0.952,227,182,255,266,2352,0.014
1049,167474,61800,0,person,0.725,195,192,222,256,1728,0.01
1050,167474,61800,2,person,0.707,3,2,147,321,45936,0.267
1051,167474,62000,0,chair,0.511,0,0,466,360,167760,0.975
1052,167474,62100,0,chair,0.54,0,0,478,357,170646,0.992
1053,167474,62200,0,chair,0.574,0,0,478,360,172080,1.0
1054,167474,62400,0,person,0.876,123,110,154,188,2418,0.014
1055,167474,62500,0,person,0.862,109,133,146,227,3478,0.02
1056,167474,62500,1,person,0.857,144,141,179,248,3745,0.022
1057,167474,62600,0,vase,0.53,140,87,181,172,3485,0.02
1058,167474,62700,0,person,0.798,148,125,196,257,6336,0.037
1059,167474,62700,1,person,0.709,75,150,137,265,7130,0.041
1060,167474,62800,1,person,0.711,82,157,145,264,6741,0.039
1061,167474,62800,0,person,0.531,195,135,242,254,5593,0.033
1062,167474,62900,0,person,0.917,301,158,422,357,24079,0.14
1063,167474,62900,1,person,0.826,108,92,248,294,28280,0.164
1064,167474,62900,2,person,0.512,48,153,316,353,53600,0.311
1065,167474,63000,2,person,0.982,110,91,239,357,34314,0.199
1066,167474,63000,1,dog,0.713,273,158,414,360,28482,0.166
1067,167474,63000,0,person,0.539,266,127,314,203,3648,0.021
1068,167474,63100,1,person,0.896,23,90,384,356,96026,0.558
1069,167474,63100,0,person,0.596,294,74,331,155,2997,0.017
1070,167474,63200,1,person,0.963,120,95,247,268,21971,0.128
1071,167474,63200,0,person,0.917,310,150,415,356,21630,0.126
1072,167474,63300,0,person,0.956,103,91,231,292,25728,0.15
1073,167474,63300,1,couch,0.54,161,127,434,345,59514,0.346
1074,167474,63400,0,person,0.985,123,108,260,360,34524,0.201
1075,167474,63400,1,person,0.868,239,134,420,355,40001,0.232
1076,167474,63500,0,person,0.99,125,113,266,356,34263,0.199
1077,167474,63600,4,person,0.915,247,240,300,360,6360,0.037
1078,167474,63600,3,person,0.838,199,270,256,360,5130,0.03
1079,167474,63600,1,person,0.732,92,250,122,315,1950,0.011
1080,167474,63600,2,person,0.593,47,267,89,330,2646,0.015
1081,167474,63600,0,person,0.578,168,249,189,297,1008,0.006
1082,167474,63700,1,person,0.993,98,74,352,355,71374,0.415
1083,167474,63700,0,person,0.91,0,144,124,341,24428,0.142
1084,167474,63800,1,person,0.668,430,262,456,340,2028,0.012
1085,167474,63800,4,person,0.665,41,252,91,342,4500,0.026
1086,167474,63800,2,person,0.61,391,265,428,328,2331,0.014
1087,167474,63800,0,person,0.567,241,248,262,320,1512,0.009
1088,167474,63800,3,person,0.52,435,264,470,347,2905,0.017
1089,167474,63900,9,person,0.851,44,253,84,336,3320,0.019
1090,167474,63900,7,person,0.764,387,268,425,328,2280,0.013
1091,167474,63900,8,person,0.685,85,246,119,320,2516,0.015
1092,167474,63900,5,person,0.68,161,244,190,295,1479,0.009
1093,167474,63900,6,person,0.67,428,263,455,343,2160,0.013
1094,167474,63900,3,person,0.626,268,247,294,299,1352,0.008
1095,167474,63900,0,person,0.575,243,249,262,299,950,0.006
1096,167474,63900,1,person,0.556,234,247,254,302,1100,0.006
1097,167474,63900,4,person,0.548,306,245,331,302,1425,0.008
1098,167474,63900,2,person,0.52,275,247,298,301,1242,0.007
1099,167474,64000,5,person,0.77,391,283,450,359,4484,0.026
1100,167474,64000,4,person,0.754,336,270,381,341,3195,0.019
1101,167474,64000,0,person,0.659,106,263,128,327,1408,0.008
1102,167474,64000,2,person,0.638,440,282,469,353,2059,0.012
1103,167474,64000,3,person,0.583,378,269,405,357,2376,0.014
1104,167474,64000,1,person,0.517,112,263,134,328,1430,0.008
1105,167474,64100,3,person,0.843,334,269,380,345,3496,0.02
1106,167474,64100,0,person,0.765,101,272,129,335,1764,0.01
1107,167474,64100,1,person,0.668,276,270,317,317,1927,0.011
1108,167474,64100,4,person,0.537,382,278,444,360,5084,0.03
1109,167474,64100,5,vase,0.52,197,85,259,180,5890,0.034
1110,167474,64100,2,person,0.504,69,266,97,350,2352,0.014
1111,167474,64200,4,person,0.787,333,271,382,343,3528,0.021
1112,167474,64200,1,person,0.716,110,265,136,331,1716,0.01
1113,167474,64200,2,person,0.633,436,284,467,351,2077,0.012
1114,167474,64200,0,person,0.554,85,272,109,339,1608,0.009
1115,167474,64200,3,person,0.528,375,263,403,343,2240,0.013
1116,167474,64300,5,umbrella,0.882,185,258,295,347,9790,0.057
1117,167474,64300,4,person,0.73,328,268,383,354,4730,0.027
1118,167474,64300,3,person,0.636,387,280,443,360,4480,0.026
1119,167474,64300,2,person,0.612,157,256,191,359,3502,0.02
1120,167474,64300,0,person,0.518,440,279,472,331,1664,0.01
1121,167474,64300,1,person,0.507,168,258,197,358,2900,0.017
1122,167474,64400,1,person,0.644,65,263,96,340,2387,0.014
1123,167474,64400,0,person,0.59,142,255,167,298,1075,0.006
1124,167474,64400,2,vase,0.505,199,92,237,174,3116,0.018
1125,167474,64500,0,person,0.745,145,255,168,299,1012,0.006
1126,167474,64500,2,person,0.695,75,263,106,318,1705,0.01
1127,167474,64500,3,person,0.68,33,275,63,337,1860,0.011
1128,167474,64500,1,person,0.631,85,261,109,315,1296,0.008
1129,167474,64500,4,person,0.543,450,256,474,342,2064,0.012
1130,167474,64500,5,person,0.516,402,268,444,334,2772,0.016
1131,167474,64600,0,person,0.756,78,260,105,317,1539,0.009
1132,167474,64600,2,person,0.665,446,254,474,343,2492,0.014
1133,167474,64600,1,person,0.603,359,261,390,317,1736,0.01
1134,167474,64600,3,person,0.587,409,265,447,331,2508,0.015
1135,167474,64700,4,person,0.765,26,274,61,337,2205,0.013
1136,167474,64700,5,person,0.751,447,262,476,345,2407,0.014
1137,167474,64700,7,person,0.733,396,262,445,330,3332,0.019
1138,167474,64700,0,person,0.668,85,257,107,315,1276,0.007
1139,167474,64700,2,person,0.616,363,261,390,315,1458,0.008
1140,167474,64700,1,person,0.578,307,244,333,299,1430,0.008
1141,167474,64700,6,person,0.554,380,266,434,324,3132,0.018
1142,167474,64700,3,person,0.532,339,254,366,313,1593,0.009
1143,167474,64800,0,person,0.543,436,280,462,346,1716,0.01
1144,167474,64900,1,person,0.745,321,263,345,333,1680,0.01
1145,167474,64900,2,person,0.631,104,267,148,337,3080,0.018
1146,167474,64900,0,person,0.55,318,263,336,328,1170,0.007
1147,167474,65000,2,person,0.863,79,54,230,339,43035,0.25
1148,167474,65000,3,dog,0.78,175,124,367,359,45120,0.262
1149,167474,65000,0,person,0.683,122,58,226,233,18200,0.106
1150,167474,65000,1,person,0.58,33,211,234,357,29346,0.171
1151,167474,65000,4,person,0.509,97,100,354,352,64764,0.376
1152,167474,65300,2,person,0.992,30,67,247,360,63581,0.369
1153,167474,65300,1,handbag,0.714,89,170,219,351,23530,0.137
1154,167474,65300,0,handbag,0.518,114,213,210,353,13440,0.078
1155,167474,65400,1,person,0.993,29,60,231,360,60600,0.352
1156,167474,65400,0,handbag,0.545,69,186,196,348,20574,0.12
1157,167474,65500,1,person,0.952,242,86,452,353,56070,0.326
1158,167474,65500,0,horse,0.555,57,123,223,360,39342,0.229
1159,167474,65600,4,person,0.989,257,80,451,357,53738,0.312
1160,167474,65600,0,dog,0.895,125,198,224,359,15939,0.093
1161,167474,65600,3,person,0.782,41,206,222,356,27150,0.158
1162,167474,65600,2,dog,0.625,58,202,223,356,25410,0.148
1163,167474,65600,1,handbag,0.532,315,155,435,353,23760,0.138
1164,167474,65800,0,person,0.86,188,124,227,190,2574,0.015
1165,167474,65800,1,sink,0.639,34,102,471,350,108376,0.63
1166,167474,65900,0,sink,0.771,0,141,385,356,82775,0.481
1167,167474,66000,0,person,0.87,192,150,244,208,3016,0.018
1168,167474,66000,1,sink,0.559,2,113,458,340,103512,0.602
1169,167474,66600,0,person,0.977,156,31,272,287,29696,0.173
1170,167474,67000,0,person,0.969,142,42,265,302,31980,0.186
1171,167474,67500,0,person,0.882,27,17,319,350,97236,0.565
1172,167474,67600,0,person,0.904,2,24,93,303,25389,0.148
1173,167474,67800,0,person,0.531,219,181,309,338,14130,0.082
1174,167474,68100,0,cow,0.752,183,0,288,76,7980,0.046
1175,167474,68200,0,cow,0.935,27,119,309,360,67962,0.395
1176,167474,68200,2,cow,0.759,21,21,413,348,128184,0.745
1177,167474,68200,1,dog,0.671,241,0,478,359,85083,0.494
1178,167474,68700,2,dog,0.853,110,143,266,353,32760,0.19
1179,167474,68700,0,sheep,0.666,249,149,435,287,25668,0.149
1180,167474,68700,1,cow,0.513,249,153,439,289,25840,0.15
1181,167474,68800,0,person,0.908,120,169,312,301,25344,0.147
1182,167474,68900,1,person,0.894,253,20,391,303,39054,0.227
1183,167474,68900,3,horse,0.87,169,26,406,346,75840,0.441
1184,167474,68900,2,person,0.852,206,4,411,331,67035,0.39
1185,167474,68900,0,person,0.659,251,11,367,213,23432,0.136
1186,167474,69000,0,person,0.988,169,5,478,353,107532,0.625
1187,167474,69100,0,bear,0.822,225,25,412,352,61149,0.355
1188,167474,69200,0,person,0.545,60,22,459,353,132069,0.767
1189,167474,69300,1,bear,0.841,128,247,294,355,17928,0.104
1190,167474,69300,0,cow,0.549,17,222,134,334,13104,0.076
1191,167474,69400,0,elephant,0.976,147,207,303,327,18720,0.109
1192,167474,69500,0,person,0.615,186,154,409,358,45492,0.264
1193,167474,69600,0,person,0.99,189,121,286,329,20176,0.117
1194,167474,69700,0,person,0.997,202,115,294,339,20608,0.12
1195,167474,70400,0,person,0.996,78,62,263,305,44955,0.261
1196,167474,70600,0,person,0.992,115,28,279,312,46576,0.271
1197,167474,70700,0,person,0.883,271,140,385,310,19380,0.113
1198,167474,70800,0,person,0.735,183,254,335,359,15960,0.093
1199,167474,71000,0,person,1.0,46,114,163,322,24336,0.141
1200,167474,71200,0,person,0.995,45,110,146,324,21614,0.126
1201,167474,71300,0,potted plant,0.611,94,70,320,340,61020,0.355
1202,167474,71400,0,person,0.732,177,260,335,357,15326,0.089
1203,167474,71400,1,horse,0.557,301,94,464,231,22331,0.13
1204,167474,71500,0,person,0.999,236,76,377,341,37365,0.217
1205,167474,71800,0,person,0.638,309,70,342,111,1353,0.008
1206,167474,71900,0,person,0.886,241,199,314,276,5621,0.033
1207,167474,72000,0,person,0.925,244,195,314,278,5810,0.034
1208,167474,72200,0,person,0.987,84,30,469,357,125895,0.732
1209,167474,72300,0,person,0.996,123,0,467,355,122120,0.71
1210,167474,72400,1,person,0.834,250,185,325,301,8700,0.051
1211,167474,72400,0,person,0.766,261,186,327,261,4950,0.029
1212,167474,72500,0,person,0.995,150,0,468,358,113844,0.662
1213,167474,72600,1,person,0.954,187,149,345,300,23858,0.139
1214,167474,72600,0,bicycle,0.513,380,0,462,141,11562,0.067
1215,167474,72700,0,person,0.973,13,74,436,354,118440,0.688
1216,167474,72800,0,person,0.957,18,25,396,360,126630,0.736
1217,167474,72900,2,person,0.982,63,107,343,347,67200,0.391
1218,167474,72900,0,person,0.614,3,60,79,320,19760,0.115
1219,167474,72900,1,bicycle,0.603,328,13,478,342,49350,0.287
1220,167474,73300,0,person,0.793,130,200,163,318,3894,0.023
1221,167474,73400,0,person,0.728,125,201,163,320,4522,0.026
1222,167474,73400,1,elephant,0.708,0,0,450,325,146250,0.85
1223,167474,73500,0,person,0.989,186,30,330,348,45792,0.266
1224,167474,73600,0,person,0.982,193,31,323,352,41730,0.243
1225,167474,73700,0,person,0.995,301,14,474,360,59858,0.348
1226,167474,73700,1,horse,0.786,32,88,290,354,68628,0.399
1227,167474,73800,0,person,0.997,313,1,478,355,58410,0.339
1228,167474,73900,0,person,0.991,314,0,478,358,58712,0.341
1229,167474,74000,0,person,0.96,88,26,417,360,109886,0.639
1230,167474,74100,0,person,0.98,288,24,472,359,61640,0.358
1231,167474,74200,0,person,0.586,230,52,478,358,75888,0.441
1232,167474,74300,0,person,0.796,259,24,474,360,72240,0.42
1233,167474,74400,0,person,0.985,286,45,472,357,58032,0.337
1234,167474,74500,0,person,0.979,293,33,468,358,56875,0.331
1235,167474,74600,0,person,0.749,233,161,282,266,5145,0.03
1236,167474,75100,0,cat,0.846,166,9,422,352,87808,0.51
1237,167474,75100,1,bear,0.569,161,9,426,356,91955,0.534
1238,167474,75400,0,fire hydrant,0.717,158,62,239,188,10206,0.059
1239,167474,75500,0,person,0.705,201,31,304,155,12772,0.074
1240,167474,75600,0,person,0.559,118,32,185,126,6298,0.037
1241,167474,75700,0,elephant,0.73,190,4,472,234,64860,0.377
1242,167474,75700,1,cow,0.565,194,1,467,242,65793,0.382
1243,167474,76500,0,bear,0.514,123,68,386,346,73114,0.425
1244,167474,76600,0,bear,0.992,241,192,370,350,20382,0.118
1245,167474,76700,1,bear,0.726,177,60,298,169,13189,0.077
1246,167474,76700,0,bird,0.536,69,66,176,183,12519,0.073
1247,167474,76800,0,cow,0.866,25,3,448,306,128169,0.745
1248,167474,76900,0,bear,0.753,208,74,441,350,64308,0.374
1249,167474,76900,1,dog,0.671,210,77,455,345,65660,0.382
1250,167474,77000,1,dog,0.966,263,69,430,347,46426,0.27
1251,167474,77000,0,bear,0.623,262,65,444,310,44590,0.259
1252,167474,77200,1,person,0.854,59,161,270,294,28063,0.163
1253,167474,77200,0,horse,0.63,64,176,255,298,23302,0.135
1254,167474,77200,2,bench,0.513,28,189,422,339,59100,0.343
1255,167474,77700,0,bird,0.535,265,126,332,213,5829,0.034
1256,167474,78200,0,person,0.985,147,31,370,360,73367,0.426
1257,167474,78800,0,bear,0.704,141,179,355,360,38734,0.225
1258,167474,78800,1,dog,0.514,140,172,357,355,39711,0.231
1259,167474,78900,0,person,0.995,22,70,188,334,43824,0.255
1260,167474,79000,0,person,0.976,168,276,220,352,3952,0.023
1261,167474,79300,3,person,0.913,261,4,473,170,35192,0.205
1262,167474,79300,0,person,0.792,233,0,350,100,11700,0.068
1263,167474,79300,1,person,0.781,400,2,478,170,13104,0.076
1264,167474,79300,2,person,0.734,245,0,409,100,16400,0.095
1265,167474,79600,0,bird,0.644,377,218,422,281,2835,0.016
1266,167474,79700,0,person,0.949,132,0,471,333,112887,0.656
1267,167474,80100,0,person,0.743,351,248,433,340,7544,0.044
1268,167474,80200,0,cow,0.697,339,190,444,292,10710,0.062
1269,167474,80400,0,elephant,0.765,297,227,478,360,24073,0.14
1270,167474,80400,1,cow,0.729,296,221,473,359,24426,0.142
1271,167474,80500,0,person,0.989,183,49,400,348,64883,0.377
1272,167474,80600,0,person,0.578,1,74,57,281,11592,0.067
1273,167474,80800,0,person,0.956,337,148,439,360,21624,0.126
1274,167474,80900,0,person,0.912,320,156,382,354,12276,0.071
1275,167474,81200,0,bird,0.665,124,205,274,355,22500,0.131
1276,167474,81500,0,person,0.597,210,155,274,245,5760,0.033
1277,167474,81700,0,person,0.873,213,148,272,246,5782,0.034
1278,167474,81800,0,person,0.916,208,152,279,250,6958,0.04
1279,167474,81900,0,person,0.932,209,146,279,249,7210,0.042
1280,167474,82100,0,person,0.958,205,135,303,283,14504,0.084
1281,167474,82200,0,person,0.964,204,136,300,282,14016,0.081
1282,167474,82300,0,person,0.973,206,142,301,281,13205,0.077
1283,167474,82400,0,person,0.912,324,180,466,357,25134,0.146
1284,167474,82500,0,person,0.7,158,43,213,116,4015,0.023
1285,167474,82600,0,person,0.981,19,26,453,358,144088,0.837
1286,167474,82700,0,person,0.941,34,0,404,360,133200,0.774
1287,167474,82800,0,person,0.973,66,48,407,359,106051,0.616
1288,167474,82900,0,person,0.964,55,40,431,358,119568,0.695
1289,167474,83000,0,person,0.974,72,44,412,352,104720,0.609
1290,167474,83100,0,person,0.969,26,26,460,354,142352,0.827
1291,167474,83200,0,person,0.978,33,39,458,359,136000,0.79
1292,167474,83300,0,person,0.986,7,12,439,360,150336,0.874
1293,167474,83400,0,person,0.989,6,18,434,360,146376,0.851
1294,167474,83500,0,person,0.988,11,0,430,360,150840,0.877
1295,167474,83600,0,person,0.965,25,0,438,360,148680,0.864
1296,167474,83800,0,person,0.969,188,58,417,345,65723,0.382
1297,167474,83900,0,dog,0.622,345,208,444,337,12771,0.074
1298,167474,84000,0,person,0.939,13,34,91,204,13260,0.077
1299,167474,84000,2,person,0.853,260,9,451,247,45458,0.264
1300,167474,84000,1,horse,0.734,148,132,276,307,22400,0.13
1301,167474,84100,0,person,0.925,151,35,221,207,12040,0.07
1302,167474,84200,0,person,0.916,25,21,101,148,9652,0.056
1303,167474,84300,0,person,0.822,148,95,238,233,12420,0.072
1304,167474,84500,0,person,0.979,70,39,458,359,124160,0.722
1305,167474,84600,0,person,0.976,118,1,433,359,112770,0.655
1306,167474,84700,0,person,0.719,112,130,232,320,22800,0.132
1307,167474,84800,0,person,0.727,146,109,261,329,25300,0.147
1308,167474,84900,0,person,0.98,302,125,478,359,41184,0.239
1309,167474,85000,0,person,0.985,307,128,470,358,37490,0.218
1310,167474,85300,0,person,0.942,300,61,456,360,46644,0.271
1311,167474,85500,0,person,0.915,219,1,368,347,51554,0.3
1312,167474,85500,1,person,0.829,198,0,449,338,84838,0.493
1313,167474,85600,0,person,0.882,235,32,370,338,41310,0.24
1314,167474,85700,0,person,0.951,238,13,373,354,46035,0.268
1315,167474,85800,0,horse,0.6,56,71,308,354,71316,0.414
1316,167474,85900,0,horse,0.516,27,85,299,350,72080,0.419
1317,167474,86100,1,person,0.961,249,26,368,352,38794,0.225
1318,167474,86100,0,horse,0.633,5,112,193,275,30644,0.178
1319,167474,86200,0,person,0.504,105,35,255,343,46200,0.268
1320,167474,86400,1,person,0.808,120,89,223,303,22042,0.128
1321,167474,86400,0,person,0.595,0,92,49,360,13132,0.076
1322,167474,86500,0,person,0.983,205,89,394,345,48384,0.281
1323,167474,86600,0,person,0.986,201,91,422,349,57018,0.331
1324,167474,86700,0,person,0.98,196,82,427,347,61215,0.356
1325,167474,86800,0,person,0.974,114,9,474,360,126360,0.734
1326,167474,86900,0,person,0.99,168,0,477,358,110622,0.643
1327,167474,87000,0,person,0.975,213,62,432,285,48837,0.284
1328,167474,87700,0,dog,0.932,23,83,264,360,66757,0.388
1329,167474,87700,1,dog,0.616,202,11,458,328,81152,0.472
1330,167474,88000,0,person,0.821,199,34,337,286,34776,0.202
1331,167474,88100,0,bear,0.798,15,124,281,346,59052,0.343
1332,167474,88300,0,person,0.539,215,0,330,153,17595,0.102
1333,167474,88700,0,cow,0.637,334,108,441,235,13589,0.079
1334,167474,89000,0,person,0.844,316,287,361,354,3015,0.018
1335,167474,89000,1,person,0.528,379,98,469,357,23310,0.135
1336,167474,89100,1,person,0.924,330,124,404,295,12654,0.074
1337,167474,89100,0,person,0.628,73,158,127,213,2970,0.017
1338,167474,89200,0,person,0.98,60,70,425,360,105850,0.615
1339,167474,89300,0,person,0.856,394,127,440,290,7498,0.044
1340,167474,89400,0,person,0.985,9,32,356,350,110346,0.641
1341,167474,89500,0,person,0.961,212,155,301,272,10413,0.061
1342,167474,89600,0,person,0.941,148,42,253,338,31080,0.181
1343,167474,89700,0,person,0.975,147,67,277,353,37180,0.216
1344,167474,89800,1,person,0.667,199,85,360,349,42504,0.247
1345,167474,89800,0,person,0.651,202,114,357,275,24955,0.145
1346,167474,90300,0,person,0.841,58,67,384,360,95518,0.555
1347,167474,90400,0,person,0.542,278,42,455,349,54339,0.316
1348,167474,90500,0,person,0.685,268,149,458,346,37430,0.218
1349,167474,90600,0,person,0.984,130,213,201,322,7739,0.045
1350,167474,90700,0,person,0.984,149,202,219,319,8190,0.048
1351,167474,90800,0,person,0.662,278,57,437,317,41340,0.24
1352,167474,90900,0,person,0.968,150,209,215,320,7215,0.042
1353,167474,91000,1,person,0.823,77,36,315,331,70210,0.408
1354,167474,91000,0,person,0.528,309,95,401,335,22080,0.128
1355,167474,91300,0,person,0.701,40,35,218,355,56960,0.331
1356,167474,91500,0,person,0.601,178,30,330,342,47424,0.276
1357,167474,91600,0,person,0.571,230,187,265,256,2415,0.014
1358,167474,91700,0,person,0.757,267,74,401,351,37118,0.216
1359,167474,91800,0,dog,0.611,176,147,310,319,23048,0.134
1360,167474,91900,1,person,0.83,272,107,422,246,20850,0.121
1361,167474,91900,2,person,0.771,253,89,421,302,35784,0.208
1362,167474,91900,0,person,0.684,190,205,221,307,3162,0.018
1363,167474,92000,0,elephant,0.645,167,112,300,231,15827,0.092
1364,167474,92100,1,person,0.942,173,57,403,358,69230,0.402
1365,167474,92100,0,person,0.668,70,154,201,340,24366,0.142
1366,167474,92200,0,person,0.972,34,0,462,358,153224,0.89
1367,167474,92300,0,person,0.94,120,26,429,360,103206,0.6
1368,167474,92400,0,person,0.922,194,74,330,360,38896,0.226
1369,167474,92700,0,person,0.769,14,219,147,353,17822,0.104
1370,167474,92800,0,person,0.556,150,149,240,341,17280,0.1
1371,167474,93000,0,person,0.994,96,22,472,360,127088,0.739
1372,167474,93100,0,person,0.595,283,27,465,354,59514,0.346
1373,167474,93300,0,person,0.986,38,10,469,359,150419,0.874
1374,167474,93400,0,person,0.95,192,183,245,288,5565,0.032
1375,167474,93600,0,person,0.938,153,206,214,307,6161,0.036
1376,167474,93800,0,person,0.978,173,23,478,353,100650,0.585
1377,167474,93900,0,baseball bat,0.505,0,65,410,240,71750,0.417
1378,167474,94000,0,person,0.964,115,59,381,357,79268,0.461
1379,167474,94100,1,person,0.954,113,52,289,329,48752,0.283
1380,167474,94100,0,baseball bat,0.518,204,18,352,287,39812,0.231
1381,167474,94200,0,person,0.994,49,150,140,272,11102,0.065
1382,167474,94400,0,person,0.971,37,11,474,359,152076,0.884
1383,167474,94500,0,person,0.913,123,104,203,258,12320,0.072
1384,167474,94700,0,person,0.971,232,96,384,356,39520,0.23
1385,167474,94800,0,person,0.917,220,100,386,349,41334,0.24
1386,167474,94900,0,person,0.946,231,92,383,350,39216,0.228
1387,167474,95000,0,umbrella,0.561,2,0,240,233,55454,0.322
1388,167474,95100,0,person,0.667,176,132,271,302,16150,0.094
1389,167474,95300,1,cow,0.942,55,96,276,357,57681,0.335
1390,167474,95300,0,elephant,0.75,257,154,439,356,36764,0.214
1391,167474,95400,0,horse,0.974,249,8,465,342,72144,0.419
1392,167474,95500,0,horse,0.94,195,2,395,349,69400,0.403
1393,167474,95500,1,cow,0.675,189,5,473,360,100820,0.586
1394,167474,95600,0,bird,0.62,209,65,272,132,4221,0.025
1395,167474,95800,0,person,0.994,53,20,378,356,109200,0.635
1396,167474,95900,1,person,0.797,189,256,228,322,2574,0.015
1397,167474,95900,0,person,0.515,123,320,161,354,1292,0.008
1398,167474,96700,0,person,0.582,147,270,285,358,12144,0.071
1399,167474,97100,0,person,0.778,238,7,457,317,67890,0.395
1400,167474,97500,0,person,0.858,220,47,362,258,29962,0.174
1401,167474,97500,1,horse,0.655,231,91,391,323,37120,0.216
1402,167474,98100,0,person,0.528,37,0,233,341,66836,0.388
1403,167474,98600,1,person,0.657,39,0,215,228,40128,0.233
1404,167474,98600,0,person,0.553,334,107,437,262,15965,0.093
1405,167474,99100,0,bird,0.94,195,196,244,307,5439,0.032
1406,167474,99700,0,fire hydrant,0.926,218,48,358,358,43400,0.252
1407,167474,100500,1,person,0.659,291,21,439,190,25012,0.145
1408,167474,100500,0,person,0.536,331,24,440,156,14388,0.084
1409,167474,100800,0,person,0.725,364,20,478,185,18810,0.109
1410,167474,100800,1,bowl,0.609,13,205,463,360,69750,0.405
1411,167474,101000,0,person,0.755,5,22,354,359,117613,0.683
1412,167474,101100,0,person,0.986,114,41,463,360,111331,0.647
1413,167474,101400,0,person,0.944,165,59,278,320,29493,0.171
1414,167474,101400,2,dog,0.616,280,0,478,339,67122,0.39
1415,167474,101400,1,person,0.601,186,41,341,333,45260,0.263
1416,167474,101700,0,person,0.585,133,6,463,336,108900,0.633
1417,167474,102200,0,person,0.985,135,85,374,360,65725,0.382
1418,167474,102300,0,person,0.833,132,93,443,351,80238,0.466
1419,167474,102800,0,person,0.579,236,0,474,359,85442,0.497
1420,167474,102900,0,wine glass,0.812,277,195,343,310,7590,0.044
1421,167474,103300,1,horse,0.958,174,57,401,353,67192,0.39
1422,167474,103300,0,person,0.952,267,97,374,358,27927,0.162
1423,167474,103700,2,person,0.97,35,18,177,354,47712,0.277
1424,167474,103700,1,dog,0.943,225,116,398,330,37022,0.215
1425,167474,103700,0,person,0.864,141,68,225,184,9744,0.057
1426,167474,103700,3,horse,0.599,46,95,382,360,89040,0.517
1427,167474,103800,1,person,0.959,55,33,174,353,38080,0.221
1428,167474,103800,0,person,0.822,147,76,271,292,26784,0.156
1429,167474,103800,2,horse,0.541,212,117,393,360,43983,0.256
1430,167474,104100,0,person,0.928,35,230,66,296,2046,0.012
1431,167474,104400,0,person,0.778,212,262,231,294,608,0.004
1432,167474,104500,0,person,0.568,278,268,293,292,360,0.002
1433,167474,104600,0,bird,0.808,282,246,332,281,1750,0.01
